condition,source_conditions,selected_power,community_id,n_nodes,n_internal_edges,mean_internal_edge_weight,top_hub_genes,top_hub_1,top_hub_2,top_hub_3
ER_tumor,,20,1,114,261,0.15315748148836852,BBX | NUDCD3 | EIF2S1,BBX,NUDCD3,EIF2S1
ER_tumor,,20,2,66,138,0.1545896828714488,POGZ | PFDN1 | PKN2,POGZ,PFDN1,PKN2
ER_tumor,,20,3,64,96,0.1483737858167539,GATAD1 | SPIN1 | TMOD3,GATAD1,SPIN1,TMOD3
ER_tumor,,20,4,57,117,0.15563766129760662,KIAA1217 | TJP1 | EFCAB14,KIAA1217,TJP1,EFCAB14
ER_tumor,,20,5,46,66,0.1389278113616235,RYK | CHD3 | SLK,RYK,CHD3,SLK
ER_tumor,,20,6,45,149,0.17883965958084835,PPP2R2A | BDP1 | ACAP2,PPP2R2A,BDP1,ACAP2
ER_tumor,,20,7,45,199,0.1647185680255219,ZNF207 | IAH1 | MED10,ZNF207,IAH1,MED10
ER_tumor,,20,8,37,55,0.15275430449030614,DNAJA2 | CNIH1 | EBLN3P,DNAJA2,CNIH1,EBLN3P
ER_tumor,,20,9,37,114,0.1514340950208798,SRRM1 | SYF2 | DHX36,SRRM1,SYF2,DHX36
ER_tumor,,20,10,34,106,0.15727257637201614,HNRNPR | EMC10 | MARCH6,HNRNPR,EMC10,MARCH6
ER_tumor,,20,11,32,90,0.1416884692178832,ZC3H13 | ACTN4 | CEBPZ,ZC3H13,ACTN4,CEBPZ
ER_tumor,,20,12,31,51,0.15231336507142756,CELF1 | TNRC6B | PPP2R5E,CELF1,TNRC6B,PPP2R5E
ER_tumor,,20,13,30,47,0.1675731620572983,GGNBP2 | NUFIP2 | GLYR1,GGNBP2,NUFIP2,GLYR1
ER_tumor,,20,14,28,36,0.14600642439391875,PNISR | DDX17 | SCAF11,PNISR,DDX17,SCAF11
ER_tumor,,20,15,25,58,0.1527847686204417,TERF2IP | PPP6C | NKAP,TERF2IP,PPP6C,NKAP
ER_tumor,,20,16,21,27,0.1551032604442702,PHF20 | RBM26 | SLBP,PHF20,RBM26,SLBP
ER_tumor,,20,17,15,17,0.1468858004492872,HADHA | ARPC4 | R3HDM2,HADHA,ARPC4,R3HDM2
ER_tumor,,20,18,14,16,0.14896000642329452,ANXA7 | NEMF | CD47,ANXA7,NEMF,CD47
ER_tumor,,20,19,12,20,0.15473196096718309,LRPAP1 | DNAJC15 | TTC1,LRPAP1,DNAJC15,TTC1
ER_tumor,,20,20,10,10,0.1487367272377014,SPPL3 | SMARCC2 | PRKAR1A,SPPL3,SMARCC2,PRKAR1A
ER_tumor,,20,21,9,13,0.15545579676444715,PSMD11 | GLUD1 | YAF2,PSMD11,GLUD1,YAF2
ER_tumor,,20,22,9,9,0.15658695250749585,SDF4 | POLR3GL | FGFR1OP2,SDF4,POLR3GL,FGFR1OP2
ER_tumor,,20,23,8,11,0.20935919135808945,HLA-B | HLA-A | B2M,HLA-B,HLA-A,B2M
ER_tumor,,20,24,8,7,0.12841674791915075,PPAN | PMM1 | ZBTB43,PPAN,PMM1,ZBTB43
ER_tumor,,20,25,8,8,0.16281769145280117,ALKBH5 | SAMM50 | TINF2,ALKBH5,SAMM50,TINF2
ER_tumor,,20,26,7,8,0.18251178227365014,SELENOS | SSR4 | FKBP2,SELENOS,SSR4,FKBP2
ER_tumor,,20,27,6,7,0.15294864880187165,PNN | SNX6 | IMMT,PNN,SNX6,IMMT
ER_tumor,,20,28,6,5,0.14053900539875025,TRIM56 | NSRP1 | MAPK6,TRIM56,NSRP1,MAPK6
ER_tumor,,20,29,6,6,0.1337699530025323,C9orf16 | CCDC12 | SPAG7,C9orf16,CCDC12,SPAG7
ER_tumor,,20,30,6,5,0.11927495151758187,CYB5R3 | ITGB1 | ROCK1,CYB5R3,ITGB1,ROCK1
ER_tumor,,20,31,5,6,0.14856930822134015,ANAPC5 | PAFAH1B1 | ATP6AP2,ANAPC5,PAFAH1B1,ATP6AP2
ER_tumor,,20,32,5,8,0.1268443381413817,GRN | CTSZ | PSAP,GRN,CTSZ,PSAP
ER_tumor,,20,33,5,4,0.14333340525627133,CCNL2 | REST | NFE2L1,CCNL2,REST,NFE2L1
ER_tumor,,20,34,5,5,0.19315342307090752,KRAS | TIAL1 | GYG1,KRAS,TIAL1,GYG1
ER_tumor,,20,35,5,4,0.10552983731031415,NUBP1 | COPS4 | SNRNP35,NUBP1,COPS4,SNRNP35
ER_tumor,,20,36,5,6,0.22063458462556199,TAGLN | CALD1 | MYL9,TAGLN,CALD1,MYL9
ER_tumor,,20,37,5,4,0.15102051757276055,KPNB1 | METTL23 | AIMP1,KPNB1,METTL23,AIMP1
ER_tumor,,20,38,4,4,0.26609276980161667,KRT19 | KRT8 | KRT18,KRT19,KRT8,KRT18
ER_tumor,,20,39,4,4,0.18264443427324295,ILF3 | TAF15 | FBXW5,ILF3,TAF15,FBXW5
ER_tumor,,20,40,4,4,0.21101431176066396,MT-ATP6 | MT-ND4 | MT-CYB,MT-ATP6,MT-ND4,MT-CYB
ER_tumor,,20,41,4,3,0.15489647289117178,FBXL5 | WDR11 | SMG1,FBXL5,WDR11,SMG1
ER_tumor,,20,42,4,3,0.14513305326302842,MED28 | RSBN1 | CARHSP1,MED28,RSBN1,CARHSP1
ER_tumor,,20,43,4,3,0.12618314723173774,EWSR1 | ABHD17A | SVBP,EWSR1,ABHD17A,SVBP
ER_tumor,,20,44,4,3,0.1301725457111994,CHURC1 | CTNNA1 | TRIM33,CHURC1,CTNNA1,TRIM33
ER_tumor,,20,45,4,3,0.1386682142814,ARHGAP1 | MAP4 | CD276,ARHGAP1,MAP4,CD276
ER_tumor,,20,46,4,5,0.11237563639879225,YWHAH | CAP1 | ACTR3,YWHAH,CAP1,ACTR3
ER_tumor,,20,47,3,2,0.23579243198037145,MYH9 | PTTG1IP | ACTN1,MYH9,PTTG1IP,ACTN1
ER_tumor,,20,48,3,3,0.1962716182072957,PRPF40A | PSMC1 | CNPPD1,PRPF40A,PSMC1,CNPPD1
ER_tumor,,20,49,3,3,0.18689058224360142,STAT6 | SERINC5 | SLC11A2,STAT6,SERINC5,SLC11A2
ER_tumor,,20,50,3,2,0.16308505833148956,CASC4 | UBTF | NRBF2,CASC4,UBTF,NRBF2
ER_tumor,,20,51,3,3,0.14796156684557593,ZFP36 | JUNB | FOS,ZFP36,JUNB,FOS
ER_tumor,,20,52,3,2,0.16357667744159693,RPN1 | USO1 | CHCHD10,RPN1,USO1,CHCHD10
ER_tumor,,20,53,3,2,0.15904970094561577,NISCH | CUL4A | MAU2,NISCH,CUL4A,MAU2
ER_tumor,,20,54,3,2,0.1470858864486217,RPUSD3 | DHX30 | ACOT8,RPUSD3,DHX30,ACOT8
ER_tumor,,20,55,3,3,0.12845488389333085,PURA | MED13L | C1orf52,PURA,MED13L,C1orf52
ER_tumor,,20,56,3,2,0.1420131921768188,S100A4 | VIM | SH3BGRL3,S100A4,VIM,SH3BGRL3
ER_tumor,,20,57,3,2,0.13784422352910036,CD164 | BZW1 | ARF6,CD164,BZW1,ARF6
ER_tumor,,20,58,3,2,0.1496544033288955,XPC | MTAP | SHC1,XPC,MTAP,SHC1
ER_tumor,,20,59,3,3,0.13918229937553403,MAP1LC3B | CLK1 | PPP1R2,MAP1LC3B,CLK1,PPP1R2
ER_tumor,,20,60,3,2,0.12563302367925638,RNF13 | DICER1 | NAMPT,RNF13,DICER1,NAMPT
ER_tumor,,20,61,3,2,0.16005096584558487,HSPA1A | DNAJB1 | HSPA1B,HSPA1A,DNAJB1,HSPA1B
ER_tumor,,20,62,3,2,0.1282495930790901,URM1 | HEXA | NCSTN,URM1,HEXA,NCSTN
ER_tumor,,20,63,3,2,0.12732753530144686,MLLT6 | TSC2 | APTX,MLLT6,TSC2,APTX
ER_tumor,,20,64,3,2,0.1329756379127502,CYCS | PSMA4 | NOP58,CYCS,PSMA4,NOP58
ER_tumor,,20,65,3,2,0.128120582550764,ADD1 | CLSTN1 | ARL2,ADD1,CLSTN1,ARL2
ER_tumor,,20,66,3,2,0.12187964096665374,COMMD3 | UBE2L6 | SIL1,COMMD3,UBE2L6,SIL1
ER_tumor,,20,67,3,2,0.1239714138209819,ARIH2 | SAFB | JPX,ARIH2,SAFB,JPX
ER_tumor,,20,68,3,2,0.11447991430759424,CD2AP | RANBP9 | CDK5RAP1,CD2AP,RANBP9,CDK5RAP1
ER_tumor,,20,69,3,2,0.11303232610225669,RBM4 | UPF3B | COQ7,RBM4,UPF3B,COQ7
ER_tumor,,20,70,3,2,0.11257578805088994,PSMD12 | UBAP2 | CENPT,PSMD12,UBAP2,CENPT
ER_tumor,,20,71,3,2,0.12505306303501124,ERLEC1 | RRBP1 | SEC61A1,ERLEC1,RRBP1,SEC61A1
ER_tumor,,20,72,3,2,0.11191477626562116,AKAP13 | CREBRF | PBXIP1,AKAP13,CREBRF,PBXIP1
ER_tumor,,20,73,3,2,0.11958874762058255,FLNB | SDC4 | TCEAL4,FLNB,SDC4,TCEAL4
ER_tumor,,20,74,2,1,0.6863982677459717,TMEM176B | TMEM176A,TMEM176B,TMEM176A,
ER_tumor,,20,75,2,1,0.2867119610309601,DNAJC7 | SLTM,DNAJC7,SLTM,
ER_tumor,,20,76,2,1,0.2699711918830871,RPA3 | H2AFV,RPA3,H2AFV,
ER_tumor,,20,77,2,1,0.2569965720176697,ISG15 | IFI6,ISG15,IFI6,
ER_tumor,,20,78,2,1,0.2500940859317779,IK | RBM5,IK,RBM5,
ER_tumor,,20,79,2,1,0.2339773774147033,SUMF2 | ATF6B,SUMF2,ATF6B,
ER_tumor,,20,80,2,1,0.231283813714981,BIRC2 | TTC19,BIRC2,TTC19,
ER_tumor,,20,81,2,1,0.2231184393167495,ZFAND5 | NFE2L2,ZFAND5,NFE2L2,
ER_tumor,,20,82,2,1,0.2129279971122741,EPC1 | C9orf78,EPC1,C9orf78,
ER_tumor,,20,83,2,1,0.2088746726512909,PJA2 | SERINC1,PJA2,SERINC1,
ER_tumor,,20,84,2,1,0.2058221250772476,ZNF131 | SLC20A1,ZNF131,SLC20A1,
ER_tumor,,20,85,2,1,0.2045518010854721,CUX1 | STAG1,CUX1,STAG1,
ER_tumor,,20,86,2,1,0.2002225518226623,ADIRF | S100A13,ADIRF,S100A13,
ER_tumor,,20,87,2,1,0.1975429654121399,NOL4L | ZNF514,NOL4L,ZNF514,
ER_tumor,,20,88,2,1,0.1935343295335769,HOOK3 | EIF4EBP2,HOOK3,EIF4EBP2,
ER_tumor,,20,89,2,1,0.1929828226566314,LCOR | CDC42SE1,LCOR,CDC42SE1,
ER_tumor,,20,90,2,1,0.1920946985483169,PAK2 | COPB1,PAK2,COPB1,
ER_tumor,,20,91,2,1,0.1873616874217987,MMS19 | POLL,MMS19,POLL,
ER_tumor,,20,92,2,1,0.1847098022699356,HSP90B1 | PDIA6,HSP90B1,PDIA6,
ER_tumor,,20,93,2,1,0.1844008415937423,STX16 | TNPO1,STX16,TNPO1,
ER_tumor,,20,94,2,1,0.1808923631906509,MTREX | OSBPL8,MTREX,OSBPL8,
ER_tumor,,20,95,2,1,0.1796194314956665,AKAP17A | GPANK1,AKAP17A,GPANK1,
ER_tumor,,20,96,2,1,0.1767154783010482,MT-CO2 | MT-CO3,MT-CO2,MT-CO3,
ER_tumor,,20,97,2,1,0.1742904186248779,MTHFD1 | ODR4,MTHFD1,ODR4,
ER_tumor,,20,98,2,1,0.1702097952365875,KXD1 | MRPL35,KXD1,MRPL35,
ER_tumor,,20,99,2,1,0.1690885871648788,CCDC174 | THAP5,CCDC174,THAP5,
ER_tumor,,20,100,2,1,0.1684318631887436,UBR5 | ATL3,UBR5,ATL3,
ER_tumor,,20,101,2,1,0.1638138145208358,MED16 | EIF2B1,MED16,EIF2B1,
ER_tumor,,20,102,2,1,0.160521775484085,MID1IP1 | SERGEF,MID1IP1,SERGEF,
ER_tumor,,20,103,2,1,0.1601928919553756,TMEM39B | NFX1,TMEM39B,NFX1,
ER_tumor,,20,104,2,1,0.1553910672664642,RCE1 | MRPL16,RCE1,MRPL16,
ER_tumor,,20,105,2,1,0.1531837880611419,IFITM2 | IFITM3,IFITM2,IFITM3,
ER_tumor,,20,106,2,1,0.1515120565891266,NBPF14 | ABCD4,NBPF14,ABCD4,
ER_tumor,,20,107,2,1,0.1506196856498718,NEK9 | TMEM127,NEK9,TMEM127,
ER_tumor,,20,108,2,1,0.1505151093006134,SLC25A29 | YPEL2,SLC25A29,YPEL2,
ER_tumor,,20,109,2,1,0.1502999514341354,VPS53 | MZF1,VPS53,MZF1,
ER_tumor,,20,110,2,1,0.1493484675884246,ACTB | CAPZB,ACTB,CAPZB,
ER_tumor,,20,111,2,1,0.143235296010971,CCNL1 | SARAF,CCNL1,SARAF,
ER_tumor,,20,112,2,1,0.1430367231369018,TEX261 | RAB35,TEX261,RAB35,
ER_tumor,,20,113,2,1,0.1417832523584365,PMF1 | IDH2,PMF1,IDH2,
ER_tumor,,20,114,2,1,0.140007808804512,HBP1 | CHD1,HBP1,CHD1,
ER_tumor,,20,115,2,1,0.1392312198877334,SUGP1 | PDK2,SUGP1,PDK2,
ER_tumor,,20,116,2,1,0.1385688185691833,CHERP | TRAPPC4,CHERP,TRAPPC4,
ER_tumor,,20,117,2,1,0.1378280073404312,SLC35B3 | XPOT,SLC35B3,XPOT,
ER_tumor,,20,118,2,1,0.1368139088153839,MAGI1 | LRP6,MAGI1,LRP6,
ER_tumor,,20,119,2,1,0.1344955116510391,HIPK1 | NUP58,HIPK1,NUP58,
ER_tumor,,20,120,2,1,0.1339782774448394,NPEPL1 | CGRRF1,NPEPL1,CGRRF1,
ER_tumor,,20,121,2,1,0.1307312101125717,ACOX1 | SLC41A3,ACOX1,SLC41A3,
ER_tumor,,20,122,2,1,0.1298792213201522,ZNF217 | ZNF281,ZNF217,ZNF281,
ER_tumor,,20,123,2,1,0.129653587937355,GTF2F1 | GPATCH8,GTF2F1,GPATCH8,
ER_tumor,,20,124,2,1,0.1293750256299972,NFKBIA | DUSP1,NFKBIA,DUSP1,
ER_tumor,,20,125,2,1,0.12697833776474,SERPINH1 | RTL8C,SERPINH1,RTL8C,
ER_tumor,,20,126,2,1,0.1256860047578811,CREB3L2 | LMAN1,CREB3L2,LMAN1,
ER_tumor,,20,127,2,1,0.125580757856369,GPAT4 | ZSWIM8,GPAT4,ZSWIM8,
ER_tumor,,20,128,2,1,0.1232258081436157,B4GALT1 | KLC1,B4GALT1,KLC1,
ER_tumor,,20,129,2,1,0.1225333884358406,HCFC1R1 | OAZ2,HCFC1R1,OAZ2,
ER_tumor,,20,130,2,1,0.1223505139350891,CHD8 | TOP2B,CHD8,TOP2B,
ER_tumor,,20,131,2,1,0.1195156276226043,SUB1 | SRP19,SUB1,SRP19,
ER_tumor,,20,132,2,1,0.1165698766708374,COX6C | H2AFJ,COX6C,H2AFJ,
ER_tumor,,20,133,2,1,0.1164033487439155,UBE2D1 | TAP1,UBE2D1,TAP1,
ER_tumor,,20,134,2,1,0.1159202009439468,TP53I13 | SCAMP1,TP53I13,SCAMP1,
ER_tumor,,20,135,2,1,0.1156361103057861,TMEM216 | PPIE,TMEM216,PPIE,
ER_tumor,,20,136,2,1,0.1138548925518989,TMED9 | MYDGF,TMED9,MYDGF,
ER_tumor,,20,137,2,1,0.1125310286879539,TTF1 | TRIM13,TTF1,TRIM13,
ER_tumor,,20,138,2,1,0.1124081760644912,GNAI2 | ANXA5,GNAI2,ANXA5,
ER_tumor,,20,139,2,1,0.1120204031467437,STK24 | LAMP1,STK24,LAMP1,
ER_tumor,,20,140,2,1,0.1118105947971344,DCP2 | PRR14L,DCP2,PRR14L,
ER_tumor,,20,141,2,1,0.1113320961594581,BAG5 | AP1G1,BAG5,AP1G1,
ER_tumor,,20,142,2,1,0.1073607057332992,HELLS | ATAD2,HELLS,ATAD2,
ER_tumor,,20,143,2,1,0.1056581437587738,SKIL | ZFYVE16,SKIL,ZFYVE16,
ER_tumor,,20,144,2,1,0.1042935252189636,ZNF146 | ZC3H4,ZNF146,ZC3H4,
ER_tumor,,20,145,2,1,0.1036676466464996,ALDH3A2 | METAP1,ALDH3A2,METAP1,
ER_tumor,,20,146,2,1,0.1036211475729942,CYB5D2 | RNF20,CYB5D2,RNF20,
ER_tumor,,20,147,2,1,0.1030908226966857,FAM45A | TNRC6A,FAM45A,TNRC6A,
ER_tumor,,20,148,2,1,0.1027872562408447,TM4SF1 | CLU,TM4SF1,CLU,
ER_tumor,,20,149,2,1,0.1024933606386184,XPO1 | CMTM6,XPO1,CMTM6,
ER_tumor,,20,150,2,1,0.1021012514829635,USP33 | ZYG11B,USP33,ZYG11B,
ER_tumor,,20,151,2,1,0.1016520634293556,PPM1B | RNASEH2B,PPM1B,RNASEH2B,
ER_tumor,,20,152,2,1,0.1011728271842002,WNK1 | CLTC,WNK1,CLTC,
ER_tumor,,20,153,2,1,0.1011442244052887,ARNT | C1orf131,ARNT,C1orf131,
ER_tumor,,20,154,2,1,0.1009183302521705,DEGS2 | FASN,DEGS2,FASN,
HER2_tumor,,20,1,163,606,0.275986481445654,TEAD1 | COX7A1 | FBN1,TEAD1,COX7A1,FBN1
HER2_tumor,,20,2,105,227,0.26171044132257876,HERC1 | DPP8 | CTDSPL2,HERC1,DPP8,CTDSPL2
HER2_tumor,,20,3,96,512,0.2991363257460762,DOCK2 | SPN | JAML,DOCK2,SPN,JAML
HER2_tumor,,20,4,76,125,0.25898190009593963,MACF1 | PLEC | PPP1R12A,MACF1,PLEC,PPP1R12A
HER2_tumor,,20,5,64,220,0.26697435460307384,FBRS | PHF21A | MAFK,FBRS,PHF21A,MAFK
HER2_tumor,,20,6,62,128,0.2806272244779393,TGFB1 | SH3KBP1 | SLC2A3,TGFB1,SH3KBP1,SLC2A3
HER2_tumor,,20,7,35,119,0.2804987511965407,MKI67 | UBE2C | CCNB2,MKI67,UBE2C,CCNB2
HER2_tumor,,20,8,32,68,0.28124630955212254,ADAM17 | RASA1 | ELK4,ADAM17,RASA1,ELK4
HER2_tumor,,20,9,32,64,0.2764120395295322,PBX2 | CLASP1 | ZNF836,PBX2,CLASP1,ZNF836
HER2_tumor,,20,10,28,80,0.2832776207476854,EP300 | PNPLA8 | ZBED5,EP300,PNPLA8,ZBED5
HER2_tumor,,20,11,15,28,0.29233639261552263,KRT18 | CLDN3 | CD24,KRT18,CLDN3,CD24
HER2_tumor,,20,12,15,19,0.2506725897914485,EFCAB14 | AEBP2 | KIDINS220,EFCAB14,AEBP2,KIDINS220
HER2_tumor,,20,13,12,23,0.3780769874220309,HLA-DPB1 | HLA-DPA1 | HLA-DQB1,HLA-DPB1,HLA-DPA1,HLA-DQB1
HER2_tumor,,20,14,9,12,0.3138074154655139,ZNF654 | SLC25A46 | FAM76A,ZNF654,SLC25A46,FAM76A
HER2_tumor,,20,15,8,18,0.3890340468949742,COL1A2 | LUM | DCN,COL1A2,LUM,DCN
HER2_tumor,,20,16,7,8,0.25319297239184374,TNS1 | FCHO2 | PDK4,TNS1,FCHO2,PDK4
HER2_tumor,,20,17,6,7,0.39856429610933575,MT-CO3 | MT-ATP6 | MT-ND3,MT-CO3,MT-ATP6,MT-ND3
HER2_tumor,,20,18,6,11,0.30475532195784827,PTAR1 | NOL8 | DENND6A,PTAR1,NOL8,DENND6A
HER2_tumor,,20,19,6,5,0.2390719473361969,MXRA8 | LOXL1 | TMEM98,MXRA8,LOXL1,TMEM98
HER2_tumor,,20,20,6,6,0.2565890997648239,DOCK9 | PLCG1 | GRPEL2,DOCK9,PLCG1,GRPEL2
HER2_tumor,,20,21,6,5,0.24337155222892756,NRP1 | KCTD12 | A2M,NRP1,KCTD12,A2M
HER2_tumor,,20,22,5,4,0.26510031893849373,CD3D | TRBC2 | TRAC,CD3D,TRBC2,TRAC
HER2_tumor,,20,23,5,5,0.29932661056518556,CWC22 | USP24 | YTHDC2,CWC22,USP24,YTHDC2
HER2_tumor,,20,24,5,4,0.24900315329432485,SERPINF1 | AXL | PLXNC1,SERPINF1,AXL,PLXNC1
HER2_tumor,,20,25,5,6,0.3112187733252843,GIMAP4 | ABI3 | GIMAP7,GIMAP4,ABI3,GIMAP7
HER2_tumor,,20,26,5,4,0.27374219894409174,HPS5 | ENTPD4 | STX7,HPS5,ENTPD4,STX7
HER2_tumor,,20,27,5,4,0.21297308057546613,SP100 | NSMCE3 | CCND3,SP100,NSMCE3,CCND3
HER2_tumor,,20,28,5,5,0.2424649000167846,FAM193B | CEP120 | CDKAL1,FAM193B,CEP120,CDKAL1
HER2_tumor,,20,29,4,3,0.3083021640777588,GABARAPL1 | BTN2A1 | PLEKHM1,GABARAPL1,BTN2A1,PLEKHM1
HER2_tumor,,20,30,4,4,0.2558607459068298,SNRNP35 | DCLRE1C | HIRIP3,SNRNP35,DCLRE1C,HIRIP3
HER2_tumor,,20,31,4,4,0.2455620504915714,NRP2 | TUBB6 | GSN,NRP2,TUBB6,GSN
HER2_tumor,,20,32,4,3,0.24814624090989432,PTPRA | LARP7 | ANKLE2,PTPRA,LARP7,ANKLE2
HER2_tumor,,20,33,4,5,0.2941770404577255,ARHGEF9 | ERCC6L2 | ZNF136,ARHGEF9,ERCC6L2,ZNF136
HER2_tumor,,20,34,4,3,0.2422734946012497,PELP1 | MCM7 | ARFGAP1,PELP1,MCM7,ARFGAP1
HER2_tumor,,20,35,3,2,0.4372863322496414,FCGR3A | C3AR1 | C1QA,FCGR3A,C3AR1,C1QA
HER2_tumor,,20,36,3,2,0.3271005377173424,ZNRD1 | YJU2 | CCDC28A,ZNRD1,YJU2,CCDC28A
HER2_tumor,,20,37,3,2,0.33876083791255945,DCP1A | CDS2 | COX19,DCP1A,CDS2,COX19
HER2_tumor,,20,38,3,2,0.3110284954309463,NAA16 | PTPN4 | CUL9,NAA16,PTPN4,CUL9
HER2_tumor,,20,39,3,3,0.2744233161211013,SERPINH1 | SMTN | TWSG1,SERPINH1,SMTN,TWSG1
HER2_tumor,,20,40,3,3,0.27386887371540064,ARL6IP1 | STMN1 | KPNA2,ARL6IP1,STMN1,KPNA2
HER2_tumor,,20,41,3,2,0.2590782418847084,RIPOR1 | DIAPH2 | ENG,RIPOR1,DIAPH2,ENG
HER2_tumor,,20,42,3,3,0.24113758405049643,C21orf91 | RIC8B | PUDP,C21orf91,RIC8B,PUDP
HER2_tumor,,20,43,3,2,0.2374420166015625,ZYX | NFE2L2 | LIMS1,ZYX,NFE2L2,LIMS1
HER2_tumor,,20,44,3,2,0.2665355056524277,CD4 | DOCK10 | PLEKHA2,CD4,DOCK10,PLEKHA2
HER2_tumor,,20,45,3,2,0.25194982439279556,RAP2C | TMC6 | WRAP73,RAP2C,TMC6,WRAP73
HER2_tumor,,20,46,3,2,0.2436942309141159,LMCD1 | F2R | ID1,LMCD1,F2R,ID1
HER2_tumor,,20,47,3,3,0.23391792674859366,MICALL2 | OSBPL5 | SHROOM1,MICALL2,OSBPL5,SHROOM1
HER2_tumor,,20,48,3,2,0.27950373291969294,RNF166 | NMB | TRIP4,RNF166,NMB,TRIP4
HER2_tumor,,20,49,3,2,0.25811261683702463,APOC1 | APOE | TREM2,APOC1,APOE,TREM2
HER2_tumor,,20,50,3,2,0.21954137086868286,FAM198B | ACE | SORBS3,FAM198B,ACE,SORBS3
HER2_tumor,,20,51,3,2,0.2223674356937408,CORO1C | LIPA | RAP2A,CORO1C,LIPA,RAP2A
HER2_tumor,,20,52,3,2,0.21393103152513498,CD93 | ELK3 | ITGA5,CD93,ELK3,ITGA5
HER2_tumor,,20,53,3,2,0.22883274406194687,FHL3 | CMTM3 | PDLIM7,FHL3,CMTM3,PDLIM7
HER2_tumor,,20,54,3,2,0.22129392623901367,NPTN | RUFY2 | TRIM5,NPTN,RUFY2,TRIM5
HER2_tumor,,20,55,2,1,0.4752495884895324,U2AF1L4 | JMY,U2AF1L4,JMY,
HER2_tumor,,20,56,2,1,0.4381158649921417,HSPA1A | HSPA1B,HSPA1A,HSPA1B,
HER2_tumor,,20,57,2,1,0.3966814279556274,AKAP7 | TIAM1,AKAP7,TIAM1,
HER2_tumor,,20,58,2,1,0.3848496079444885,S100A9 | S100A8,S100A9,S100A8,
HER2_tumor,,20,59,2,1,0.3669081032276153,CENPU | WDR76,CENPU,WDR76,
HER2_tumor,,20,60,2,1,0.353302925825119,LPAR6 | AL390728.6,LPAR6,AL390728.6,
HER2_tumor,,20,61,2,1,0.3329865038394928,SLC35B4 | NAB2,SLC35B4,NAB2,
HER2_tumor,,20,62,2,1,0.3227033615112304,PDLIM5 | ACTN1,PDLIM5,ACTN1,
HER2_tumor,,20,63,2,1,0.3207412362098694,ACSS1 | R3HDM4,ACSS1,R3HDM4,
HER2_tumor,,20,64,2,1,0.3045148551464081,DCK | CDC42SE1,DCK,CDC42SE1,
HER2_tumor,,20,65,2,1,0.3029486238956451,TNIP1 | LYST,TNIP1,LYST,
HER2_tumor,,20,66,2,1,0.2953543066978454,USP20 | SLF1,USP20,SLF1,
HER2_tumor,,20,67,2,1,0.2949423789978027,CYB5R4 | PTPRJ,CYB5R4,PTPRJ,
HER2_tumor,,20,68,2,1,0.2920290529727936,AKIP1 | SUPT7L,AKIP1,SUPT7L,
HER2_tumor,,20,69,2,1,0.2863863408565521,STK17B | ZNF331,STK17B,ZNF331,
HER2_tumor,,20,70,2,1,0.2772886157035827,LBH | ETS1,LBH,ETS1,
HER2_tumor,,20,71,2,1,0.2752785086631775,CYTOR | MIR4435-2HG,CYTOR,MIR4435-2HG,
HER2_tumor,,20,72,2,1,0.2701666057109833,PPM1M | NFKBIE,PPM1M,NFKBIE,
HER2_tumor,,20,73,2,1,0.2687540054321289,RELB | CFLAR,RELB,CFLAR,
HER2_tumor,,20,74,2,1,0.2677226364612579,ZBTB2 | EEF1AKMT2,ZBTB2,EEF1AKMT2,
HER2_tumor,,20,75,2,1,0.2659389972686767,LMNA | HES1,LMNA,HES1,
HER2_tumor,,20,76,2,1,0.264965146780014,BCOR | THAP9-AS1,BCOR,THAP9-AS1,
HER2_tumor,,20,77,2,1,0.263050764799118,MLLT3 | TSPAN17,MLLT3,TSPAN17,
HER2_tumor,,20,78,2,1,0.2614036500453949,CHIC2 | ISY1,CHIC2,ISY1,
HER2_tumor,,20,79,2,1,0.261018842458725,TMEM176B | TMEM176A,TMEM176B,TMEM176A,
HER2_tumor,,20,80,2,1,0.2605138421058655,GTF2F2 | TRIM13,GTF2F2,TRIM13,
HER2_tumor,,20,81,2,1,0.2578243017196655,SIPA1L1 | COQ8B,SIPA1L1,COQ8B,
HER2_tumor,,20,82,2,1,0.2576993703842163,NUP214 | SART1,NUP214,SART1,
HER2_tumor,,20,83,2,1,0.245893582701683,SEPT8 | NBL1,SEPT8,NBL1,
HER2_tumor,,20,84,2,1,0.2450792342424392,TPCN2 | MB21D2,TPCN2,MB21D2,
HER2_tumor,,20,85,2,1,0.244760662317276,PIGL | NEK1,PIGL,NEK1,
HER2_tumor,,20,86,2,1,0.2409979999065399,COQ10A | ZCCHC4,COQ10A,ZCCHC4,
HER2_tumor,,20,87,2,1,0.2380210757255554,COMMD8 | CRYBG1,COMMD8,CRYBG1,
HER2_tumor,,20,88,2,1,0.2316268384456634,GABPB1 | STRADA,GABPB1,STRADA,
HER2_tumor,,20,89,2,1,0.2273133844137191,CPQ | SLC38A9,CPQ,SLC38A9,
HER2_tumor,,20,90,2,1,0.2266726940870285,TMSB4X | PPP1R18,TMSB4X,PPP1R18,
HER2_tumor,,20,91,2,1,0.2247948199510574,EXOSC9 | C16orf87,EXOSC9,C16orf87,
HER2_tumor,,20,92,2,1,0.2241889536380767,ESCO1 | TEFM,ESCO1,TEFM,
HER2_tumor,,20,93,2,1,0.2241152375936508,PRKAB1 | ATXN7L1,PRKAB1,ATXN7L1,
HER2_tumor,,20,94,2,1,0.2225138694047927,CTSZ | CTSB,CTSZ,CTSB,
HER2_tumor,,20,95,2,1,0.2218043506145477,IP6K1 | SUSD6,IP6K1,SUSD6,
HER2_tumor,,20,96,2,1,0.2217355072498321,AKR1B1 | IFI27L2,AKR1B1,IFI27L2,
HER2_tumor,,20,97,2,1,0.2204348146915435,HEXA | ATP6V1B2,HEXA,ATP6V1B2,
HER2_tumor,,20,98,2,1,0.2163366824388504,PHKG1 | MOAP1,PHKG1,MOAP1,
HER2_tumor,,20,99,2,1,0.2158077508211136,CTSD | MFSD1,CTSD,MFSD1,
HER2_tumor,,20,100,2,1,0.215803176164627,RPA3 | UBE2S,RPA3,UBE2S,
HER2_tumor,,20,101,2,1,0.2150147408246994,EPS8 | SAV1,EPS8,SAV1,
HER2_tumor,,20,102,2,1,0.2146528512239456,PCED1A | MTX3,PCED1A,MTX3,
HER2_tumor,,20,103,2,1,0.2142529040575027,RFFL | FAM228B,RFFL,FAM228B,
HER2_tumor,,20,104,2,1,0.2132891863584518,UXS1 | CTDSP1,UXS1,CTDSP1,
HER2_tumor,,20,105,2,1,0.2103020250797271,PLTP | C3,PLTP,C3,
HER2_tumor,,20,106,2,1,0.2102101594209671,RPS6KA1 | SEMA4D,RPS6KA1,SEMA4D,
HER2_tumor,,20,107,2,1,0.2091245651245117,PIP4K2A | TAOK3,PIP4K2A,TAOK3,
HER2_tumor,,20,108,2,1,0.2080511450767517,WSB1 | UBE2Z,WSB1,UBE2Z,
HER2_tumor,,20,109,2,1,0.2080306261777877,PLD3 | ATP6V0A1,PLD3,ATP6V0A1,
HER2_tumor,,20,110,2,1,0.2073482125997543,MAML2 | SESN3,MAML2,SESN3,
HER2_tumor,,20,111,2,1,0.2067916393280029,SH3BP2 | CMIP,SH3BP2,CMIP,
HER2_tumor,,20,112,2,1,0.2062733471393585,ZNF335 | DUSP16,ZNF335,DUSP16,
HER2_tumor,,20,113,2,1,0.2060151249170303,CDK13 | TRIM56,CDK13,TRIM56,
HER2_tumor,,20,114,2,1,0.2059191912412643,NUP35 | UBR7,NUP35,UBR7,
Normal,,20,1,134,679,0.24115768202274643,KRT7 | IRF6 | SFN,KRT7,IRF6,SFN
Normal,,20,2,97,345,0.23759445258672682,DCN | FXYD1 | COL6A3,DCN,FXYD1,COL6A3
Normal,,20,3,91,194,0.2332646879031486,TCF4 | SLC2A3 | CNRIP1,TCF4,SLC2A3,CNRIP1
Normal,,20,4,89,147,0.2080060715983514,TOR1AIP1 | PPP1R15B | ZNF263,TOR1AIP1,PPP1R15B,ZNF263
Normal,,20,5,60,336,0.2520009801678714,PECAM1 | CDH5 | BCL6B,PECAM1,CDH5,BCL6B
Normal,,20,6,60,189,0.21886373780391835,EP300 | ERBIN | ZNF276,EP300,ERBIN,ZNF276
Normal,,20,7,43,74,0.22938890674629728,GTF2A1 | TTC14 | DCP2,GTF2A1,TTC14,DCP2
Normal,,20,8,36,55,0.20405249162153763,KDM7A | ZFYVE16 | BMPR2,KDM7A,ZFYVE16,BMPR2
Normal,,20,9,34,60,0.22168987169861792,DNAJB1 | BAG3 | CSRNP1,DNAJB1,BAG3,CSRNP1
Normal,,20,10,20,39,0.23556986451148987,AZGP1 | TMC5 | SMIM22,AZGP1,TMC5,SMIM22
Normal,,20,11,19,20,0.21956853568553925,CLMP | MEG3 | SNAI2,CLMP,MEG3,SNAI2
Normal,,20,12,18,30,0.24283818552891415,CD93 | PLVAP | ACKR1,CD93,PLVAP,ACKR1
Normal,,20,13,18,23,0.22102113456829733,ITGA6 | NEDD9 | MET,ITGA6,NEDD9,MET
Normal,,20,14,11,12,0.2319274383286635,IFI27 | PKIG | UPP1,IFI27,PKIG,UPP1
Normal,,20,15,11,11,0.2175752059979872,CHST15 | CD276 | CRTAP,CHST15,CD276,CRTAP
Normal,,20,16,8,11,0.19464403390884397,SCAMP1 | GTF3C1 | METTL14,SCAMP1,GTF3C1,METTL14
Normal,,20,17,7,8,0.25737068802118296,TPM2 | TAGLN | ACTA2,TPM2,TAGLN,ACTA2
Normal,,20,18,7,9,0.3547399226162169,MT-CO3 | MT-CO1 | MT-ND4,MT-CO3,MT-CO1,MT-ND4
Normal,,20,19,7,10,0.21841324269771575,ARHGAP31 | SHE | KBTBD2,ARHGAP31,SHE,KBTBD2
Normal,,20,20,7,6,0.20793309807777402,OXSR1 | OFD1 | SLMAP,OXSR1,OFD1,SLMAP
Normal,,20,21,6,7,0.20668479587350572,SCAF4 | ZHX1 | BACH1,SCAF4,ZHX1,BACH1
Normal,,20,22,6,5,0.19813279509544368,CDC42SE2 | RNF213 | SEC14L1,CDC42SE2,RNF213,SEC14L1
Normal,,20,23,6,6,0.20620129257440564,DIAPH2 | CTSS | TBC1D1,DIAPH2,CTSS,TBC1D1
Normal,,20,24,5,4,0.22831183671951294,TRPM7 | ADAM17 | IAH1,TRPM7,ADAM17,IAH1
Normal,,20,25,5,4,0.2223995327949524,SMAD1 | SULF2 | CTSH,SMAD1,SULF2,CTSH
Normal,,20,26,5,4,0.1791940927505493,DOCK9 | SPTBN1 | DOCK6,DOCK9,SPTBN1,DOCK6
Normal,,20,27,5,4,0.18414703384041783,EGR1 | ZNF331 | EGR3,EGR1,ZNF331,EGR3
Normal,,20,28,5,5,0.19349701404571534,ATP6V1A | PPIP5K2 | GNPTAB,ATP6V1A,PPIP5K2,GNPTAB
Normal,,20,29,4,3,0.22893810272216794,TTF1 | HINFP | EMSY,TTF1,HINFP,EMSY
Normal,,20,30,4,3,0.20840992530186964,MGME1 | IFFO2 | PLA2G12A,MGME1,IFFO2,PLA2G12A
Normal,,20,31,4,4,0.21743959188461304,MT1F | MT1X | MT1G,MT1F,MT1X,MT1G
Normal,,20,32,4,4,0.20154823735356328,HEY1 | CAVIN2 | PELI1,HEY1,CAVIN2,PELI1
Normal,,20,33,4,3,0.2273382445176442,ING5 | HCG18 | ZNF7,ING5,HCG18,ZNF7
Normal,,20,34,4,3,0.23580391208330787,EDN1 | ARHGAP29 | PMAIP1,EDN1,ARHGAP29,PMAIP1
Normal,,20,35,3,2,0.25347828119993204,ADAMTS1 | LBH | EPAS1,ADAMTS1,LBH,EPAS1
Normal,,20,36,3,2,0.2210159823298454,NRP2 | CPNE8 | GYPC,NRP2,CPNE8,GYPC
Normal,,20,37,3,2,0.26114549487829203,RASSF8 | PCNX1 | GPR161,RASSF8,PCNX1,GPR161
Normal,,20,38,3,2,0.2021129429340362,TSHZ2 | BCL2L11 | LUZP1,TSHZ2,BCL2L11,LUZP1
Normal,,20,39,3,2,0.2236290499567985,WBP1L | OSGIN2 | PTPN9,WBP1L,OSGIN2,PTPN9
Normal,,20,40,3,2,0.21634633094072342,TMUB2 | ICE2 | TOGARAM1,TMUB2,ICE2,TOGARAM1
Normal,,20,41,3,2,0.2113630473613739,MEF2A | PPFIBP1 | RNF19B,MEF2A,PPFIBP1,RNF19B
Normal,,20,42,3,3,0.2065867086251576,SMC4 | ABHD17B | ZBTB2,SMC4,ABHD17B,ZBTB2
Normal,,20,43,3,2,0.17893996089696879,SP140L | ZBTB25 | IFI35,SP140L,ZBTB25,IFI35
Normal,,20,44,3,2,0.17221810668706888,SYVN1 | CRELD2 | CLK2,SYVN1,CRELD2,CLK2
Normal,,20,45,2,1,0.3524713516235351,FNBP1 | MXD1,FNBP1,MXD1,
Normal,,20,46,2,1,0.3218351602554321,STEAP1 | STEAP2,STEAP1,STEAP2,
Normal,,20,47,2,1,0.3181368410587311,KDM2A | KAT6A,KDM2A,KAT6A,
Normal,,20,48,2,1,0.3000504076480865,LGALS3BP | C3,LGALS3BP,C3,
Normal,,20,49,2,1,0.2958100736141205,TPD52 | CEACAM1,TPD52,CEACAM1,
Normal,,20,50,2,1,0.2740973532199859,MAP3K1 | TANC2,MAP3K1,TANC2,
Normal,,20,51,2,1,0.2695119976997375,CHIC2 | SPHK1,CHIC2,SPHK1,
Normal,,20,52,2,1,0.268432080745697,PANX1 | LTBP4,PANX1,LTBP4,
Normal,,20,53,2,1,0.2682825922966003,C1orf56 | CDC42SE1,C1orf56,CDC42SE1,
Normal,,20,54,2,1,0.2638378143310547,SGIP1 | PRKG1,SGIP1,PRKG1,
Normal,,20,55,2,1,0.2502770721912384,CYTOR | MIR4435-2HG,CYTOR,MIR4435-2HG,
Normal,,20,56,2,1,0.2480654269456863,LIX1L | P3H1,LIX1L,P3H1,
Normal,,20,57,2,1,0.2459229826927185,TNKS | STAT2,TNKS,STAT2,
Normal,,20,58,2,1,0.245334967970848,OTUD6B-AS1 | LRIF1,OTUD6B-AS1,LRIF1,
Normal,,20,59,2,1,0.2421391457319259,PTPN1 | CREG1,PTPN1,CREG1,
Normal,,20,60,2,1,0.2418681681156158,PIK3R1 | SEMA3C,PIK3R1,SEMA3C,
Normal,,20,61,2,1,0.2396489232778549,MYLK | ZBTB16,MYLK,ZBTB16,
Normal,,20,62,2,1,0.237570434808731,TRIB1 | SGK1,TRIB1,SGK1,
Normal,,20,63,2,1,0.2374035865068435,BTRC | MED23,BTRC,MED23,
Normal,,20,64,2,1,0.2354338020086288,CERK | ARRDC2,CERK,ARRDC2,
Normal,,20,65,2,1,0.2349388897418975,MON2 | DGKH,MON2,DGKH,
Normal,,20,66,2,1,0.22951540350914,PARP14 | RAPH1,PARP14,RAPH1,
Normal,,20,67,2,1,0.226894274353981,TAF1D | SNHG12,TAF1D,SNHG12,
Normal,,20,68,2,1,0.2265404611825943,SLC16A1 | ACVR2A,SLC16A1,ACVR2A,
Normal,,20,69,2,1,0.2181581705808639,MTRNR2L8 | MTRNR2L12,MTRNR2L8,MTRNR2L12,
Normal,,20,70,2,1,0.216828316450119,C1QTNF1 | NOTCH3,C1QTNF1,NOTCH3,
Normal,,20,71,2,1,0.2108974456787109,TP53BP1 | KIAA0232,TP53BP1,KIAA0232,
Normal,,20,72,2,1,0.2094326466321945,PBX1 | FKBP14,PBX1,FKBP14,
Normal,,20,73,2,1,0.2092119306325912,MTRR | PRPF4,MTRR,PRPF4,
Normal,,20,74,2,1,0.208385944366455,SENP1 | ZNF746,SENP1,ZNF746,
Normal,,20,75,2,1,0.2038362920284271,ABCD3 | FASN,ABCD3,FASN,
Normal,,20,76,2,1,0.1987266987562179,LRRC8C | GJA1,LRRC8C,GJA1,
Normal,,20,77,2,1,0.1963919699192047,KLHL20 | ITPRIPL2,KLHL20,ITPRIPL2,
Normal,,20,78,2,1,0.1936027258634567,PLAGL1 | EGFR,PLAGL1,EGFR,
Normal,,20,79,2,1,0.1934721022844314,STIM2 | RIMKLB,STIM2,RIMKLB,
Normal,,20,80,2,1,0.1928967982530594,XPC | ABHD12,XPC,ABHD12,
Normal,,20,81,2,1,0.1922298967838287,SMAD7 | PIM1,SMAD7,PIM1,
Normal,,20,82,2,1,0.1920734345912933,RASA2 | TTPAL,RASA2,TTPAL,
Normal,,20,83,2,1,0.1880766302347183,S100PBP | OARD1,S100PBP,OARD1,
Normal,,20,84,2,1,0.1877589225769043,PLCXD1 | ANKRD37,PLCXD1,ANKRD37,
Normal,,20,85,2,1,0.1864504069089889,MICAL2 | GPC1,MICAL2,GPC1,
Normal,,20,86,2,1,0.1856350302696228,RAB8B | PRKD3,RAB8B,PRKD3,
Normal,,20,87,2,1,0.1837053894996643,NPIPB5 | HIVEP1,NPIPB5,HIVEP1,
Normal,,20,88,2,1,0.1836523562669754,SLC16A1-AS1 | GABBR1,SLC16A1-AS1,GABBR1,
Normal,,20,89,2,1,0.1822450459003448,PIK3R3 | MCF2L,PIK3R3,MCF2L,
Normal,,20,90,2,1,0.1818015426397323,FTX | MLLT6,FTX,MLLT6,
Normal,,20,91,2,1,0.1803183406591415,RAI14 | CEP170,RAI14,CEP170,
Normal,,20,92,2,1,0.1799737066030502,PALMD | CDC42EP3,PALMD,CDC42EP3,
Normal,,20,93,2,1,0.1781656593084335,ABL1 | EGLN1,ABL1,EGLN1,
Normal,,20,94,2,1,0.177819162607193,BCAM | TINAGL1,BCAM,TINAGL1,
Normal,,20,95,2,1,0.1761210858821869,NISCH | PPP2R2D,NISCH,PPP2R2D,
Normal,,20,96,2,1,0.1751569956541061,TC2N | TFF3,TC2N,TFF3,
Normal,,20,97,2,1,0.1747494488954544,DEDD2 | SERTAD3,DEDD2,SERTAD3,
Normal,,20,98,2,1,0.1732029467821121,MYO6 | DAAM1,MYO6,DAAM1,
Normal,,20,99,2,1,0.1723975986242294,H1F0 | CFL2,H1F0,CFL2,
Normal,,20,100,2,1,0.172085627913475,MGST2 | INHBB,MGST2,INHBB,
Normal,,20,101,2,1,0.1719040423631668,CD200 | ERG,CD200,ERG,
Normal,,20,102,2,1,0.170553520321846,MYO19 | ZNF26,MYO19,ZNF26,
Normal,,20,103,2,1,0.1704382896423339,RAP2A | GRB10,RAP2A,GRB10,
Normal,,20,104,2,1,0.1700877994298935,ID2 | ZFAND2A,ID2,ZFAND2A,
Normal,,20,105,2,1,0.1686670929193496,PLAGL2 | RNF217,PLAGL2,RNF217,
Normal,,20,106,2,1,0.1668753176927566,CFLAR | IRAK2,CFLAR,IRAK2,
Normal,,20,107,2,1,0.1659114509820938,NR2F2 | ARHGEF7,NR2F2,ARHGEF7,
Normal,,20,108,2,1,0.1639429777860641,PPP3CC | PXK,PPP3CC,PXK,
Normal,,20,109,2,1,0.1628092527389526,HIC2 | ZNF551,HIC2,ZNF551,
Normal,,20,110,2,1,0.1623290926218032,CADPS2 | FAM76A,CADPS2,FAM76A,
Normal,,20,111,2,1,0.1619516462087631,PVT1 | SH3RF1,PVT1,SH3RF1,
Normal_BRCA1_-_pre-neoplastic,,20,1,213,811,0.45933109709278724,USP7 | THUMPD1 | ZFC3H1,USP7,THUMPD1,ZFC3H1
Normal_BRCA1_-_pre-neoplastic,,20,2,108,340,0.46499174018116557,FBXO30 | B3GALNT2 | RBFOX2,FBXO30,B3GALNT2,RBFOX2
Normal_BRCA1_-_pre-neoplastic,,20,3,91,364,0.4759781040496879,NFAT5 | ADAM17 | SLK,NFAT5,ADAM17,SLK
Normal_BRCA1_-_pre-neoplastic,,20,4,55,148,0.47984664665686116,ODR4 | UBR5 | SPART,ODR4,UBR5,SPART
Normal_BRCA1_-_pre-neoplastic,,20,5,44,94,0.4835258481350351,EMCN | MYCT1 | RHOJ,EMCN,MYCT1,RHOJ
Normal_BRCA1_-_pre-neoplastic,,20,6,35,57,0.4754649573250821,IRF6 | MAL2 | OFD1,IRF6,MAL2,OFD1
Normal_BRCA1_-_pre-neoplastic,,20,7,32,60,0.44901464531819024,EAF1 | DGKE | TPP2,EAF1,DGKE,TPP2
Normal_BRCA1_-_pre-neoplastic,,20,8,31,34,0.46845352036111493,CTSK | ADAMTS12 | PDGFRB,CTSK,ADAMTS12,PDGFRB
Normal_BRCA1_-_pre-neoplastic,,20,9,26,42,0.4696932222161974,USP38 | HAUS8 | BRD1,USP38,HAUS8,BRD1
Normal_BRCA1_-_pre-neoplastic,,20,10,23,41,0.4836148227133402,ATG14 | ANKRD54 | RBM15,ATG14,ANKRD54,RBM15
Normal_BRCA1_-_pre-neoplastic,,20,11,21,22,0.45779882642355835,EXT1 | TPBG | DDR2,EXT1,TPBG,DDR2
Normal_BRCA1_-_pre-neoplastic,,20,12,20,37,0.47102625788869085,ZNF638 | BAG4 | ARL3,ZNF638,BAG4,ARL3
Normal_BRCA1_-_pre-neoplastic,,20,13,20,23,0.4566785991191864,ZNF574 | INAFM1 | CDADC1,ZNF574,INAFM1,CDADC1
Normal_BRCA1_-_pre-neoplastic,,20,14,19,23,0.48584942325301794,CPE | VASN | SLIT2,CPE,VASN,SLIT2
Normal_BRCA1_-_pre-neoplastic,,20,15,15,21,0.47455204810414997,RC3H1 | CAPN7 | RFX1,RC3H1,CAPN7,RFX1
Normal_BRCA1_-_pre-neoplastic,,20,16,14,19,0.49089205421899496,ADH5 | SMG6 | GLMN,ADH5,SMG6,GLMN
Normal_BRCA1_-_pre-neoplastic,,20,17,13,16,0.47667852602899075,TACC1 | KLF9 | IGFBP4,TACC1,KLF9,IGFBP4
Normal_BRCA1_-_pre-neoplastic,,20,18,13,19,0.4572945331272326,PIK3CA | LMBR1L | PDS5B,PIK3CA,LMBR1L,PDS5B
Normal_BRCA1_-_pre-neoplastic,,20,19,12,12,0.4708572675784429,UNK | FBXO8 | PHKG1,UNK,FBXO8,PHKG1
Normal_BRCA1_-_pre-neoplastic,,20,20,11,11,0.458641534501856,VCPKMT | FZD8 | TMEM201,VCPKMT,FZD8,TMEM201
Normal_BRCA1_-_pre-neoplastic,,20,21,9,9,0.4522562325000763,USPL1 | INTS4 | RRM1,USPL1,INTS4,RRM1
Normal_BRCA1_-_pre-neoplastic,,20,22,9,9,0.4422892961237166,TNRC6B | RNF19A | MTIF3,TNRC6B,RNF19A,MTIF3
Normal_BRCA1_-_pre-neoplastic,,20,23,9,10,0.45226203501224516,PURA | CCNT1 | SF3A1,PURA,CCNT1,SF3A1
Normal_BRCA1_-_pre-neoplastic,,20,24,7,9,0.47100602255927193,TMEM251 | PCGF1 | LEMD3,TMEM251,PCGF1,LEMD3
Normal_BRCA1_-_pre-neoplastic,,20,25,7,6,0.45832837621370953,PHLDA3 | CRABP2 | ZNF703,PHLDA3,CRABP2,ZNF703
Normal_BRCA1_-_pre-neoplastic,,20,26,7,8,0.4331582337617874,ZBTB8A | KLF11 | IRF2BPL,ZBTB8A,KLF11,IRF2BPL
Normal_BRCA1_-_pre-neoplastic,,20,27,7,7,0.46963751316070557,MALT1 | WRAP73 | SLF1,MALT1,WRAP73,SLF1
Normal_BRCA1_-_pre-neoplastic,,20,28,7,7,0.4340383751051767,RALGAPA1 | NPIPB5 | TCF7,RALGAPA1,NPIPB5,TCF7
Normal_BRCA1_-_pre-neoplastic,,20,29,7,6,0.4327477961778641,FER | HOMER1 | ZNF316,FER,HOMER1,ZNF316
Normal_BRCA1_-_pre-neoplastic,,20,30,6,8,0.4582166448235512,PHC3 | TTN-AS1 | WDR55,PHC3,TTN-AS1,WDR55
Normal_BRCA1_-_pre-neoplastic,,20,31,6,7,0.46319533245904104,LACTB2 | GPATCH3 | PPP1R12C,LACTB2,GPATCH3,PPP1R12C
Normal_BRCA1_-_pre-neoplastic,,20,32,6,5,0.43679376244544976,SMC4 | PNMA1 | WHAMM,SMC4,PNMA1,WHAMM
Normal_BRCA1_-_pre-neoplastic,,20,33,5,5,0.502324789762497,MMD | CEP135 | ALAS1,MMD,CEP135,ALAS1
Normal_BRCA1_-_pre-neoplastic,,20,34,5,6,0.47161238888899487,KRT19 | ALDH1A3 | PI3,KRT19,ALDH1A3,PI3
Normal_BRCA1_-_pre-neoplastic,,20,35,5,6,0.4741857598225276,RND3 | ANGPTL4 | HSPE1,RND3,ANGPTL4,HSPE1
Normal_BRCA1_-_pre-neoplastic,,20,36,5,4,0.4677165821194649,HNRNPLL | GCLC | PRKAB1,HNRNPLL,GCLC,PRKAB1
Normal_BRCA1_-_pre-neoplastic,,20,37,5,4,0.47646908462047577,ETFDH | TRIM38 | DYRK2,ETFDH,TRIM38,DYRK2
Normal_BRCA1_-_pre-neoplastic,,20,38,4,3,0.5015712678432465,BGN | DNM3OS | HAS1,BGN,DNM3OS,HAS1
Normal_BRCA1_-_pre-neoplastic,,20,39,4,3,0.5048755208651224,NR2F1-AS1 | CHRDL1 | NR2F1,NR2F1-AS1,CHRDL1,NR2F1
Normal_BRCA1_-_pre-neoplastic,,20,40,4,4,0.4516993314027786,TPM1 | RUNX1 | PALLD,TPM1,RUNX1,PALLD
Normal_BRCA1_-_pre-neoplastic,,20,41,4,4,0.5632518231868744,MT-CO3 | MT-CO1 | MT-ND4,MT-CO3,MT-CO1,MT-ND4
Normal_BRCA1_-_pre-neoplastic,,20,42,4,3,0.42803728580474854,ZNF407 | RNF219 | ANKRD26,ZNF407,RNF219,ANKRD26
Normal_BRCA1_-_pre-neoplastic,,20,43,4,4,0.4754004031419754,TMEM217 | CAMK1 | TMOD1,TMEM217,CAMK1,TMOD1
Normal_BRCA1_-_pre-neoplastic,,20,44,4,4,0.4768085181713104,USP33 | TTBK2 | NR1D2,USP33,TTBK2,NR1D2
Normal_BRCA1_-_pre-neoplastic,,20,45,4,3,0.43174540003140766,YAP1 | PLOD2 | GULP1,YAP1,PLOD2,GULP1
Normal_BRCA1_-_pre-neoplastic,,20,46,4,3,0.4827422897020976,CCNL1 | DNAJB4 | ABHD17B,CCNL1,DNAJB4,ABHD17B
Normal_BRCA1_-_pre-neoplastic,,20,47,4,3,0.4948846399784088,AMPD2 | LIPT1 | PRKAG2-AS1,AMPD2,LIPT1,PRKAG2-AS1
Normal_BRCA1_-_pre-neoplastic,,20,48,4,3,0.42464034756024677,EED | RNF138 | THAP9-AS1,EED,RNF138,THAP9-AS1
Normal_BRCA1_-_pre-neoplastic,,20,49,3,2,0.5116803050041199,GIMAP4 | GIMAP7 | GIMAP1,GIMAP4,GIMAP7,GIMAP1
Normal_BRCA1_-_pre-neoplastic,,20,50,3,2,0.5176564902067184,MICU3 | PI4K2A | DNAJB5,MICU3,PI4K2A,DNAJB5
Normal_BRCA1_-_pre-neoplastic,,20,51,3,2,0.5180722773075104,UCN | SRL | HEYL,UCN,SRL,HEYL
Normal_BRCA1_-_pre-neoplastic,,20,52,3,2,0.4512045383453369,SH3RF1 | LPCAT2 | LIMA1,SH3RF1,LPCAT2,LIMA1
Normal_BRCA1_-_pre-neoplastic,,20,53,3,2,0.4295009672641754,HSPG2 | JAG1 | CSF1,HSPG2,JAG1,CSF1
Normal_BRCA1_-_pre-neoplastic,,20,54,3,2,0.44093725085258484,RASL11A | CXCL12 | ABCA1,RASL11A,CXCL12,ABCA1
Normal_BRCA1_-_pre-neoplastic,,20,55,3,3,0.4119841655095418,FAM13B | BRD8 | DDX39B,FAM13B,BRD8,DDX39B
Normal_BRCA1_-_pre-neoplastic,,20,56,3,2,0.4165547490119934,HLA-DRB1 | CYP1A1 | ACKR1,HLA-DRB1,CYP1A1,ACKR1
Normal_BRCA1_-_pre-neoplastic,,20,57,3,2,0.4084445536136627,ZBTB10 | UTRN | MTERF2,ZBTB10,UTRN,MTERF2
Normal_BRCA1_-_pre-neoplastic,,20,58,3,2,0.40210780501365656,APEX1 | SMIM4 | ACSL4,APEX1,SMIM4,ACSL4
Normal_BRCA1_-_pre-neoplastic,,20,59,3,2,0.4336695820093155,MINDY2 | ARHGAP26 | NAA16,MINDY2,ARHGAP26,NAA16
Normal_BRCA1_-_pre-neoplastic,,20,60,2,1,0.602851927280426,ALKBH1 | SLC38A6,ALKBH1,SLC38A6,
Normal_BRCA1_-_pre-neoplastic,,20,61,2,1,0.6005252599716187,TMEM184C | ZNF383,TMEM184C,ZNF383,
Normal_BRCA1_-_pre-neoplastic,,20,62,2,1,0.5905183553695679,USP53 | PLIN3,USP53,PLIN3,
Normal_BRCA1_-_pre-neoplastic,,20,63,2,1,0.5852396488189697,CCND2 | C8orf88,CCND2,C8orf88,
Normal_BRCA1_-_pre-neoplastic,,20,64,2,1,0.5702964663505554,CALD1 | HOXA5,CALD1,HOXA5,
Normal_BRCA1_-_pre-neoplastic,,20,65,2,1,0.5695750117301941,ISG15 | IRF7,ISG15,IRF7,
Normal_BRCA1_-_pre-neoplastic,,20,66,2,1,0.5687193870544434,CDKN2C | NR4A3,CDKN2C,NR4A3,
Normal_BRCA1_-_pre-neoplastic,,20,67,2,1,0.563481867313385,SH3PXD2A | ID4,SH3PXD2A,ID4,
Normal_BRCA1_-_pre-neoplastic,,20,68,2,1,0.5550177693367004,IGF2R | RAE1,IGF2R,RAE1,
Normal_BRCA1_-_pre-neoplastic,,20,69,2,1,0.5443556308746338,PHYH | AC020765.2,PHYH,AC020765.2,
Normal_BRCA1_-_pre-neoplastic,,20,70,2,1,0.5371468663215637,FOXJ2 | METTL6,FOXJ2,METTL6,
Normal_BRCA1_-_pre-neoplastic,,20,71,2,1,0.526409387588501,MICAL2 | MFSD2A,MICAL2,MFSD2A,
Normal_BRCA1_-_pre-neoplastic,,20,72,2,1,0.5236877799034119,S1PR1 | SOX7,S1PR1,SOX7,
Normal_BRCA1_-_pre-neoplastic,,20,73,2,1,0.5000481605529785,CAV2 | TINAGL1,CAV2,TINAGL1,
Normal_BRCA1_-_pre-neoplastic,,20,74,2,1,0.49788498878479,TFAP2A | C6orf132,TFAP2A,C6orf132,
Normal_BRCA1_-_pre-neoplastic,,20,75,2,1,0.4973165094852447,ATG2A | AC245297.3,ATG2A,AC245297.3,
Normal_BRCA1_-_pre-neoplastic,,20,76,2,1,0.4903780221939087,SGCE | AEBP1,SGCE,AEBP1,
Normal_BRCA1_-_pre-neoplastic,,20,77,2,1,0.4875380992889404,AKR1C2 | AKR1C1,AKR1C2,AKR1C1,
Normal_BRCA1_-_pre-neoplastic,,20,78,2,1,0.4859056770801544,THAP6 | GTF3C1,THAP6,GTF3C1,
Normal_BRCA1_-_pre-neoplastic,,20,79,2,1,0.4782240390777588,RUNX1T1 | MAP3K7CL,RUNX1T1,MAP3K7CL,
Normal_BRCA1_-_pre-neoplastic,,20,80,2,1,0.4729437232017517,G2E3 | ZNF654,G2E3,ZNF654,
Normal_BRCA1_-_pre-neoplastic,,20,81,2,1,0.471939206123352,AZGP1 | SLPI,AZGP1,SLPI,
Normal_BRCA1_-_pre-neoplastic,,20,82,2,1,0.4694146513938904,RP2 | GORASP1,RP2,GORASP1,
Normal_BRCA1_-_pre-neoplastic,,20,83,2,1,0.4686762690544128,SELP | FLT1,SELP,FLT1,
Normal_BRCA1_-_pre-neoplastic,,20,84,2,1,0.4673121869564056,GPRC5B | RAI2,GPRC5B,RAI2,
Normal_BRCA1_-_pre-neoplastic,,20,85,2,1,0.4664974808692932,FAM84B | TNFSF10,FAM84B,TNFSF10,
Normal_BRCA1_-_pre-neoplastic,,20,86,2,1,0.4658393263816833,APPL2 | IFT52,APPL2,IFT52,
Normal_BRCA1_-_pre-neoplastic,,20,87,2,1,0.465516060590744,TTC39C | PTPN4,TTC39C,PTPN4,
Normal_BRCA1_-_pre-neoplastic,,20,88,2,1,0.4653134346008301,C12orf66 | CACNA1A,C12orf66,CACNA1A,
Normal_BRCA1_-_pre-neoplastic,,20,89,2,1,0.4631454944610595,DCN | SERPINF1,DCN,SERPINF1,
Normal_BRCA1_-_pre-neoplastic,,20,90,2,1,0.4582890570163727,LIX1L | METRNL,LIX1L,METRNL,
Normal_BRCA1_-_pre-neoplastic,,20,91,2,1,0.4578702747821808,SOX9 | SFRP1,SOX9,SFRP1,
Normal_BRCA1_-_pre-neoplastic,,20,92,2,1,0.4531461894512176,MRPS24 | NBPF10,MRPS24,NBPF10,
Normal_BRCA1_-_pre-neoplastic,,20,93,2,1,0.4531383216381073,FAM124A | IRAK3,FAM124A,IRAK3,
Normal_BRCA1_-_pre-neoplastic,,20,94,2,1,0.4470998048782348,RBP1 | FASN,RBP1,FASN,
Normal_BRCA1_-_pre-neoplastic,,20,95,2,1,0.4455572664737701,AUTS2 | STK17B,AUTS2,STK17B,
Normal_BRCA1_-_pre-neoplastic,,20,96,2,1,0.4423072338104248,AXIN1 | RMND1,AXIN1,RMND1,
Normal_BRCA1_-_pre-neoplastic,,20,97,2,1,0.4402016103267669,PBX1 | AASS,PBX1,AASS,
Normal_BRCA1_-_pre-neoplastic,,20,98,2,1,0.4383978843688965,RBM34 | ZRSR2,RBM34,ZRSR2,
Normal_BRCA1_-_pre-neoplastic,,20,99,2,1,0.4355992376804352,PGAP1 | PRMT9,PGAP1,PRMT9,
Normal_BRCA1_-_pre-neoplastic,,20,100,2,1,0.4355494379997253,METTL15 | FAM215B,METTL15,FAM215B,
Normal_BRCA1_-_pre-neoplastic,,20,101,2,1,0.4300214648246765,RBMX2 | IRF2,RBMX2,IRF2,
Normal_BRCA1_-_pre-neoplastic,,20,102,2,1,0.429686039686203,MEDAG | IL1R1,MEDAG,IL1R1,
Normal_BRCA1_-_pre-neoplastic,,20,103,2,1,0.4262281060218811,NQO2 | PTGR1,NQO2,PTGR1,
Normal_BRCA1_-_pre-neoplastic,,20,104,2,1,0.4213878810405731,GOLIM4 | SH3BP5,GOLIM4,SH3BP5,
Normal_BRCA1_-_pre-neoplastic,,20,105,2,1,0.4201441705226898,PDGFRL | BMP4,PDGFRL,BMP4,
Normal_BRCA1_-_pre-neoplastic,,20,106,2,1,0.4187881648540497,GPC3 | GPNMB,GPC3,GPNMB,
Normal_BRCA1_-_pre-neoplastic,,20,107,2,1,0.4182219803333282,NEDD9 | RASSF3,NEDD9,RASSF3,
Normal_BRCA1_-_pre-neoplastic,,20,108,2,1,0.4175634384155273,DUSP6 | GJA1,DUSP6,GJA1,
Normal_BRCA1_-_pre-neoplastic,,20,109,2,1,0.4175374507904053,OSMR-AS1 | COL27A1,OSMR-AS1,COL27A1,
Normal_BRCA1_-_pre-neoplastic,,20,110,2,1,0.4169811904430389,POP1 | FEN1,POP1,FEN1,
Normal_BRCA1_-_pre-neoplastic,,20,111,2,1,0.4167065620422363,RAPGEF5 | RDX,RAPGEF5,RDX,
Normal_BRCA1_-_pre-neoplastic,,20,112,2,1,0.4165430963039398,IBA57 | ZNF746,IBA57,ZNF746,
Normal_BRCA1_-_pre-neoplastic,,20,113,2,1,0.4155189394950866,DST | GRAMD2B,DST,GRAMD2B,
Normal_BRCA1_-_pre-neoplastic,,20,114,2,1,0.4150153696537018,SPTAN1 | SERTAD3,SPTAN1,SERTAD3,
Normal_BRCA1_-_pre-neoplastic,,20,115,2,1,0.4117753803730011,ATAD2 | CCDC18,ATAD2,CCDC18,
Normal_BRCA1_-_pre-neoplastic,,20,116,2,1,0.4111705720424652,CRYAB | CNN1,CRYAB,CNN1,
Normal_BRCA1_-_pre-neoplastic,,20,117,2,1,0.4101612269878387,PNP | ADAMTS9,PNP,ADAMTS9,
Normal_BRCA1_-_pre-neoplastic,,20,118,2,1,0.4100633561611175,SH3KBP1 | CBLB,SH3KBP1,CBLB,
Normal_BRCA1_-_pre-neoplastic,,20,119,2,1,0.4052584767341614,FAM92A | FBXL7,FAM92A,FBXL7,
Normal_BRCA1_-_pre-neoplastic,,20,120,2,1,0.4037663042545318,COL1A1 | SOD3,COL1A1,SOD3,
Normal_BRCA1_-_pre-neoplastic,,20,121,2,1,0.4024630784988403,CYBA | SSR4,CYBA,SSR4,
Normal_BRCA1_-_pre-neoplastic,,20,122,2,1,0.4022708237171173,PAPPA | GCNA,PAPPA,GCNA,
Normal_BRCA1_-_pre-neoplastic,,20,123,2,1,0.4012239277362823,CRADD | TRIM41,CRADD,TRIM41,
Normal_BRCA1_-_pre-neoplastic,,20,124,2,1,0.3976356387138366,ZNF254 | CDKN2B,ZNF254,CDKN2B,
Normal_BRCA1_-_pre-neoplastic,,20,125,2,1,0.3958005607128143,ZNF507 | ZNF432,ZNF507,ZNF432,
Normal_BRCA1_-_pre-neoplastic,,20,126,2,1,0.3948256373405456,EPHA2 | TMEM237,EPHA2,TMEM237,
Normal_BRCA1_-_pre-neoplastic,,20,127,2,1,0.3937334716320038,PTGES | PLPPR2,PTGES,PLPPR2,
Normal_BRCA1_-_pre-neoplastic,,20,128,2,1,0.3927202224731445,SMC2 | ZDHHC17,SMC2,ZDHHC17,
Normal_BRCA1_-_pre-neoplastic,,20,129,2,1,0.3924855589866638,NMT2 | MOAP1,NMT2,MOAP1,
Normal_BRCA1_-_pre-neoplastic,,20,130,2,1,0.3921501040458679,AL356488.3 | MIER3,AL356488.3,MIER3,
Triple_negative_BRCA1_tumor,,20,1,155,367,0.3788992249348508,RBM5 | KDM5C | HTT,RBM5,KDM5C,HTT
Triple_negative_BRCA1_tumor,,20,2,129,713,0.3997883093223331,TMEM167B | LENG8 | METTL16,TMEM167B,LENG8,METTL16
Triple_negative_BRCA1_tumor,,20,3,89,173,0.3768352430335359,CLK4 | DHX38 | TDRD3,CLK4,DHX38,TDRD3
Triple_negative_BRCA1_tumor,,20,4,80,208,0.41310323087068707,PRSS23 | NNMT | AEBP1,PRSS23,NNMT,AEBP1
Triple_negative_BRCA1_tumor,,20,5,75,162,0.4144812872012456,B2M | HLA-B | HLA-C,B2M,HLA-B,HLA-C
Triple_negative_BRCA1_tumor,,20,6,58,183,0.40150545350189415,OTULIN | RC3H1 | FAM208A,OTULIN,RC3H1,FAM208A
Triple_negative_BRCA1_tumor,,20,7,47,98,0.4233486418213163,TOP2A | ASPM | TPX2,TOP2A,ASPM,TPX2
Triple_negative_BRCA1_tumor,,20,8,41,139,0.40324695204659333,BRF1 | ZNF44 | KDM6A,BRF1,ZNF44,KDM6A
Triple_negative_BRCA1_tumor,,20,9,23,58,0.4246730151875266,ASB6 | NAA30 | CMTR1,ASB6,NAA30,CMTR1
Triple_negative_BRCA1_tumor,,20,10,23,64,0.4521924117580056,KRT7 | FXYD3 | PERP,KRT7,FXYD3,PERP
Triple_negative_BRCA1_tumor,,20,11,16,19,0.40985499243987233,FMNL1 | CD37 | HCST,FMNL1,CD37,HCST
Triple_negative_BRCA1_tumor,,20,12,15,22,0.36320851065895776,SCAF8 | JMJD6 | SNIP1,SCAF8,JMJD6,SNIP1
Triple_negative_BRCA1_tumor,,20,13,14,22,0.41037775576114655,MAP3K12 | QSOX2 | CLK2,MAP3K12,QSOX2,CLK2
Triple_negative_BRCA1_tumor,,20,14,11,12,0.3734539623061816,VCPKMT | COG4 | CENPT,VCPKMT,COG4,CENPT
Triple_negative_BRCA1_tumor,,20,15,10,17,0.4298412536873537,TAPT1 | EZH1 | FAN1,TAPT1,EZH1,FAN1
Triple_negative_BRCA1_tumor,,20,16,9,14,0.40373973335538593,RAB8B | ARMH3 | NFKB2,RAB8B,ARMH3,NFKB2
Triple_negative_BRCA1_tumor,,20,17,9,10,0.3651201635599136,UTP15 | MOAP1 | DNAJC27,UTP15,MOAP1,DNAJC27
Triple_negative_BRCA1_tumor,,20,18,9,13,0.46123045224409837,MT-CO2 | MT-ND3 | MT-CYB,MT-CO2,MT-ND3,MT-CYB
Triple_negative_BRCA1_tumor,,20,19,9,9,0.3591430120997959,CNN3 | PPIC | S100A16,CNN3,PPIC,S100A16
Triple_negative_BRCA1_tumor,,20,20,8,9,0.4864445428053538,R3HCC1L | WDTC1 | POU5F2,R3HCC1L,WDTC1,POU5F2
Triple_negative_BRCA1_tumor,,20,21,8,11,0.4086592061953111,CAPRIN2 | ZNF587 | CEP250,CAPRIN2,ZNF587,CEP250
Triple_negative_BRCA1_tumor,,20,22,8,8,0.39036158844828606,SZT2 | DDX19A | MTO1,SZT2,DDX19A,MTO1
Triple_negative_BRCA1_tumor,,20,23,6,7,0.4581657179764339,RPS6 | RPL3 | RPL21,RPS6,RPL3,RPL21
Triple_negative_BRCA1_tumor,,20,24,6,6,0.3957736889521281,MAN2B2 | TAB3 | PLEKHM1,MAN2B2,TAB3,PLEKHM1
Triple_negative_BRCA1_tumor,,20,25,6,5,0.403949373960495,TRIM41 | PLAGL2 | AC093495.1,TRIM41,PLAGL2,AC093495.1
Triple_negative_BRCA1_tumor,,20,26,6,5,0.3556650638580322,MZT1 | CENPW | CEP78,MZT1,CENPW,CEP78
Triple_negative_BRCA1_tumor,,20,27,6,6,0.4041893482208252,INPP5F | AP3M2 | POLG,INPP5F,AP3M2,POLG
Triple_negative_BRCA1_tumor,,20,28,5,5,0.46794039011001587,KLHL28 | CCDC93 | CAPN7,KLHL28,CCDC93,CAPN7
Triple_negative_BRCA1_tumor,,20,29,5,6,0.37244251867135364,SEMA4D | RASGRP1 | OXNAD1,SEMA4D,RASGRP1,OXNAD1
Triple_negative_BRCA1_tumor,,20,30,4,3,0.4147716661294301,ID4 | ANO1 | NFIB,ID4,ANO1,NFIB
Triple_negative_BRCA1_tumor,,20,31,4,3,0.40934641162554425,VTI1A | ZNF615 | SHLD1,VTI1A,ZNF615,SHLD1
Triple_negative_BRCA1_tumor,,20,32,4,3,0.35603299736976624,SOCS4 | ZNHIT6 | INPP5B,SOCS4,ZNHIT6,INPP5B
Triple_negative_BRCA1_tumor,,20,33,4,3,0.3811340928077698,CTSC | DTX3L | ARHGAP18,CTSC,DTX3L,ARHGAP18
Triple_negative_BRCA1_tumor,,20,34,4,3,0.3246119022369385,ATG16L1 | WDR59 | SLF1,ATG16L1,WDR59,SLF1
Triple_negative_BRCA1_tumor,,20,35,4,4,0.3823649808764457,TP53 | CTR9 | SETX,TP53,CTR9,SETX
Triple_negative_BRCA1_tumor,,20,36,3,3,0.5086598495642344,CCND1 | NDRG2 | HES1,CCND1,NDRG2,HES1
Triple_negative_BRCA1_tumor,,20,37,3,2,0.41424131393432617,THADA | SFXN1 | CDK13,THADA,SFXN1,CDK13
Triple_negative_BRCA1_tumor,,20,38,3,2,0.3803647011518478,AL117339.5 | SLC25A42 | AL021368.2,AL117339.5,SLC25A42,AL021368.2
Triple_negative_BRCA1_tumor,,20,39,3,2,0.39076556265354156,SDF2L1 | XBP1 | MANF,SDF2L1,XBP1,MANF
Triple_negative_BRCA1_tumor,,20,40,3,2,0.4865361601114273,KRT14 | KRT17 | KRT5,KRT14,KRT17,KRT5
Triple_negative_BRCA1_tumor,,20,41,3,2,0.37526167929172516,RREB1 | INPPL1 | NUP214,RREB1,INPPL1,NUP214
Triple_negative_BRCA1_tumor,,20,42,3,2,0.353564441204071,SPCS3 | VOPP1 | HERPUD1,SPCS3,VOPP1,HERPUD1
Triple_negative_BRCA1_tumor,,20,43,3,2,0.36764764785766596,ASH1L-AS1 | BLM | PALB2,ASH1L-AS1,BLM,PALB2
Triple_negative_BRCA1_tumor,,20,44,3,2,0.3528187125921249,CYB561D1 | COG8 | TOE1,CYB561D1,COG8,TOE1
Triple_negative_BRCA1_tumor,,20,45,3,2,0.3701807707548141,ARHGAP30 | BIN2 | DENND2D,ARHGAP30,BIN2,DENND2D
Triple_negative_BRCA1_tumor,,20,46,3,2,0.322535902261734,KANSL3 | DNAJC24 | SCYL3,KANSL3,DNAJC24,SCYL3
Triple_negative_BRCA1_tumor,,20,47,2,1,0.6231688857078552,CYTOR | MIR4435-2HG,CYTOR,MIR4435-2HG,
Triple_negative_BRCA1_tumor,,20,48,2,1,0.5947455167770386,TPP1 | PTPRE,TPP1,PTPRE,
Triple_negative_BRCA1_tumor,,20,49,2,1,0.5724651217460632,RRNAD1 | SETD4,RRNAD1,SETD4,
Triple_negative_BRCA1_tumor,,20,50,2,1,0.5707056522369385,MIA | S100A14,MIA,S100A14,
Triple_negative_BRCA1_tumor,,20,51,2,1,0.5277676582336426,FKBP2 | SSR4,FKBP2,SSR4,
Triple_negative_BRCA1_tumor,,20,52,2,1,0.5067048668861389,TGFBR3 | FGFR1,TGFBR3,FGFR1,
Triple_negative_BRCA1_tumor,,20,53,2,1,0.5001317858695984,DNM2 | ITCH,DNM2,ITCH,
Triple_negative_BRCA1_tumor,,20,54,2,1,0.4967219531536102,KDM2B | RUBCN,KDM2B,RUBCN,
Triple_negative_BRCA1_tumor,,20,55,2,1,0.4800141453742981,CDK7 | MFSD5,CDK7,MFSD5,
Triple_negative_BRCA1_tumor,,20,56,2,1,0.4595526456832886,MXRA8 | MIR99AHG,MXRA8,MIR99AHG,
Triple_negative_BRCA1_tumor,,20,57,2,1,0.4535875618457794,GRN | PSAP,GRN,PSAP,
Triple_negative_BRCA1_tumor,,20,58,2,1,0.4479862153530121,CLSPN | ATAD2,CLSPN,ATAD2,
Triple_negative_BRCA1_tumor,,20,59,2,1,0.4461685419082641,ZNF839 | ZNF778,ZNF839,ZNF778,
Triple_negative_BRCA1_tumor,,20,60,2,1,0.4266763627529144,ORAI1 | COMMD8,ORAI1,COMMD8,
Triple_negative_BRCA1_tumor,,20,61,2,1,0.4162070751190185,CTSA | PSEN1,CTSA,PSEN1,
Triple_negative_BRCA1_tumor,,20,62,2,1,0.4133399724960327,NFAT5 | AC013394.1,NFAT5,AC013394.1,
Triple_negative_BRCA1_tumor,,20,63,2,1,0.4103506803512573,UNC13D | ARHGAP45,UNC13D,ARHGAP45,
Triple_negative_BRCA1_tumor,,20,64,2,1,0.4067614674568176,HNMT | LHFPL2,HNMT,LHFPL2,
Triple_negative_BRCA1_tumor,,20,65,2,1,0.4019921123981476,HMGN2 | HMGB2,HMGN2,HMGB2,
Triple_negative_BRCA1_tumor,,20,66,2,1,0.3959322869777679,KCTD7 | VAMP1,KCTD7,VAMP1,
Triple_negative_BRCA1_tumor,,20,67,2,1,0.3950517475605011,MTRNR2L8 | MTRNR2L12,MTRNR2L8,MTRNR2L12,
Triple_negative_BRCA1_tumor,,20,68,2,1,0.3915990889072418,ZNF101 | ZNF75D,ZNF101,ZNF75D,
Triple_negative_BRCA1_tumor,,20,69,2,1,0.3873884677886963,MPPE1 | GALNT2,MPPE1,GALNT2,
Triple_negative_BRCA1_tumor,,20,70,2,1,0.3862559795379638,KIF13B | PGGHG,KIF13B,PGGHG,
Triple_negative_BRCA1_tumor,,20,71,2,1,0.3787805438041687,PSD4 | RUNX3,PSD4,RUNX3,
Triple_negative_BRCA1_tumor,,20,72,2,1,0.3785106837749481,BCOR | ZNF266,BCOR,ZNF266,
Triple_negative_BRCA1_tumor,,20,73,2,1,0.3771287500858307,ZNF324 | UBXN2A,ZNF324,UBXN2A,
Triple_negative_BRCA1_tumor,,20,74,2,1,0.3702095448970794,IFITM3 | ANKH,IFITM3,ANKH,
Triple_negative_BRCA1_tumor,,20,75,2,1,0.370045393705368,IFNGR1 | MAFB,IFNGR1,MAFB,
Triple_negative_BRCA1_tumor,,20,76,2,1,0.3651697933673858,ADARB1 | TTC39B,ADARB1,TTC39B,
Triple_negative_BRCA1_tumor,,20,77,2,1,0.365158349275589,ITGB1 | LUZP1,ITGB1,LUZP1,
Triple_negative_BRCA1_tumor,,20,78,2,1,0.3626398742198944,LGMN | HEXB,LGMN,HEXB,
Triple_negative_BRCA1_tumor,,20,79,2,1,0.3607136905193329,TRAF6 | CLEC16A,TRAF6,CLEC16A,
Triple_negative_BRCA1_tumor,,20,80,2,1,0.3591992855072021,MAST4 | ECE1,MAST4,ECE1,
Triple_negative_BRCA1_tumor,,20,81,2,1,0.358688086271286,AC008124.1 | SLC35E3,AC008124.1,SLC35E3,
Triple_negative_BRCA1_tumor,,20,82,2,1,0.3562122583389282,MYH9 | FLNA,MYH9,FLNA,
Triple_negative_BRCA1_tumor,,20,83,2,1,0.3555426001548767,CLEC2D | SYTL3,CLEC2D,SYTL3,
Triple_negative_BRCA1_tumor,,20,84,2,1,0.3554635941982269,TESK1 | RHBDF2,TESK1,RHBDF2,
Triple_negative_BRCA1_tumor,,20,85,2,1,0.3531532287597656,ANKRA2 | BTN2A1,ANKRA2,BTN2A1,
Triple_negative_BRCA1_tumor,,20,86,2,1,0.3526034951210022,GLUL | CXCL16,GLUL,CXCL16,
Triple_negative_BRCA1_tumor,,20,87,2,1,0.3520037531852722,P4HTM | IFT57,P4HTM,IFT57,
Triple_negative_BRCA1_tumor,,20,88,2,1,0.3513160049915313,ICA1 | TIGD1,ICA1,TIGD1,
Triple_negative_BRCA1_tumor,,20,89,2,1,0.3512533605098724,PCMTD2 | AUTS2,PCMTD2,AUTS2,
Triple_negative_BRCA1_tumor,,20,90,2,1,0.3510312736034393,MMAA | ZBTB26,MMAA,ZBTB26,
Triple_negative_BRCA1_tumor,,20,91,2,1,0.349863052368164,IFT80 | ZFP30,IFT80,ZFP30,
Triple_negative_BRCA1_tumor,,20,92,2,1,0.3468739688396454,RNF111 | CHMP7,RNF111,CHMP7,
Triple_negative_BRCA1_tumor,,20,93,2,1,0.3466368913650512,CCDC191 | AC017083.1,CCDC191,AC017083.1,
Triple_negative_BRCA1_tumor,,20,94,2,1,0.3418337702751159,TCEANC | AC245452.1,TCEANC,AC245452.1,
Triple_negative_BRCA1_tumor,,20,95,2,1,0.3369223475456238,ARHGEF1 | STAM,ARHGEF1,STAM,
Triple_negative_BRCA1_tumor,,20,96,2,1,0.3359575867652893,MPHOSPH9 | ATP6V0A2,MPHOSPH9,ATP6V0A2,
Triple_negative_BRCA1_tumor,,20,97,2,1,0.3351793885231018,CD14 | GRK3,CD14,GRK3,
Triple_negative_BRCA1_tumor,,20,98,2,1,0.3344161510467529,RBM27 | UBQLN2,RBM27,UBQLN2,
Triple_negative_BRCA1_tumor,,20,99,2,1,0.3292567431926727,TTC5 | TRMT13,TTC5,TRMT13,
Triple_negative_BRCA1_tumor,,20,100,2,1,0.3279108703136444,DCAF15 | RAB3IP,DCAF15,RAB3IP,
Triple_negative_BRCA1_tumor,,20,101,2,1,0.32733353972435,CXXC5 | CDKN1A,CXXC5,CDKN1A,
Triple_negative_BRCA1_tumor,,20,102,2,1,0.326715350151062,CD302 | CST3,CD302,CST3,
Triple_negative_BRCA1_tumor,,20,103,2,1,0.3266749978065491,MCL1 | KLF6,MCL1,KLF6,
Triple_negative_BRCA1_tumor,,20,104,2,1,0.3264376521110534,PPM1M | TRERF1,PPM1M,TRERF1,
Triple_negative_BRCA1_tumor,,20,105,2,1,0.3264329433441162,TAF5 | IKZF4,TAF5,IKZF4,
Triple_negative_BRCA1_tumor,,20,106,2,1,0.324080616235733,CHFR | VPS13C,CHFR,VPS13C,
Triple_negative_BRCA1_tumor,,20,107,2,1,0.3239028751850128,PHTF1 | TRAPPC6B,PHTF1,TRAPPC6B,
Triple_negative_BRCA1_tumor,,20,108,2,1,0.3225075900554657,RAP2C | CCDC84,RAP2C,CCDC84,
Triple_negative_BRCA1_tumor,,20,109,2,1,0.3222127854824066,TMSB4X | S100A4,TMSB4X,S100A4,
Triple_negative_BRCA1_tumor,,20,110,2,1,0.3214453756809234,MR1 | NDEL1,MR1,NDEL1,
Triple_negative_BRCA1_tumor,,20,111,2,1,0.3200127184391022,TNFAIP8 | PARP4,TNFAIP8,PARP4,
Triple_negative_BRCA1_tumor,,20,112,2,1,0.3168891966342926,PTPRJ | TAOK3,PTPRJ,TAOK3,
Triple_negative_BRCA1_tumor,,20,113,2,1,0.3167519867420196,MZF1-AS1 | VPS11,MZF1-AS1,VPS11,
Triple_negative_BRCA1_tumor,,20,114,2,1,0.316500723361969,CHMP6 | YPEL3,CHMP6,YPEL3,
Triple_negative_BRCA1_tumor,,20,115,2,1,0.315762996673584,MNAT1 | TRMT10C,MNAT1,TRMT10C,
Triple_negative_BRCA1_tumor,,20,116,2,1,0.3148709833621979,ERP27 | ZSCAN16,ERP27,ZSCAN16,
Triple_negative_BRCA1_tumor,,20,117,2,1,0.3132783472537994,CDK5RAP1 | LNX2,CDK5RAP1,LNX2,
Triple_negative_BRCA1_tumor,,20,118,2,1,0.3121655285358429,HES4 | TOB2,HES4,TOB2,
Triple_negative_BRCA1_tumor,,20,119,2,1,0.3119823634624481,SOD2 | LGALS3BP,SOD2,LGALS3BP,
Triple_negative_BRCA1_tumor,,20,120,2,1,0.311953991651535,WARS | SIK3,WARS,SIK3,
Triple_negative_tumor,,20,1,154,437,0.40990315340203604,MKLN1 | KIDINS220 | ELF2,MKLN1,KIDINS220,ELF2
Triple_negative_tumor,,20,2,91,519,0.42199150807365976,C15orf40 | CCDC174 | RPRD2,C15orf40,CCDC174,RPRD2
Triple_negative_tumor,,20,3,66,138,0.4034315842217293,BSDC1 | TLK1 | DNAJB14,BSDC1,TLK1,DNAJB14
Triple_negative_tumor,,20,4,51,101,0.4346700301854917,CALD1 | CNN3 | BGN,CALD1,CNN3,BGN
Triple_negative_tumor,,20,5,34,101,0.4603262124675335,SAA1 | SERPINB5 | SFN,SAA1,SERPINB5,SFN
Triple_negative_tumor,,20,6,34,48,0.41493305812279385,RAI14 | LAMA4 | DPYSL3,RAI14,LAMA4,DPYSL3
Triple_negative_tumor,,20,7,31,113,0.4348226988737562,PACS1 | AKAP10 | WHAMM,PACS1,AKAP10,WHAMM
Triple_negative_tumor,,20,8,28,76,0.4195929134362622,CNOT3 | ZNF160 | POM121,CNOT3,ZNF160,POM121
Triple_negative_tumor,,20,9,26,63,0.46113429750714985,GTSE1 | TOP2A | CEP55,GTSE1,TOP2A,CEP55
Triple_negative_tumor,,20,10,24,34,0.42525217988911795,DIP2A | AQR | HERC1,DIP2A,AQR,HERC1
Triple_negative_tumor,,20,11,22,67,0.4320691272393981,COG4 | PPP2R5A | ZFYVE27,COG4,PPP2R5A,ZFYVE27
Triple_negative_tumor,,20,12,21,26,0.4458383642710172,PTPRC | FERMT3 | CD48,PTPRC,FERMT3,CD48
Triple_negative_tumor,,20,13,19,49,0.41819744633168593,PLXNA3 | ZNF335 | ZBTB24,PLXNA3,ZNF335,ZBTB24
Triple_negative_tumor,,20,14,18,28,0.415626945240157,ZNF562 | TUT7 | CDKN2AIP,ZNF562,TUT7,CDKN2AIP
Triple_negative_tumor,,20,15,17,28,0.43064767867326736,MICU2 | CABIN1 | RRP8,MICU2,CABIN1,RRP8
Triple_negative_tumor,,20,16,16,31,0.4288981710710833,RICTOR | PXK | PPWD1,RICTOR,PXK,PPWD1
Triple_negative_tumor,,20,17,16,47,0.44449820353629743,CYP20A1 | MBD5 | CENPT,CYP20A1,MBD5,CENPT
Triple_negative_tumor,,20,18,15,17,0.4163962812984691,FBLN1 | BICC1 | CDH11,FBLN1,BICC1,CDH11
Triple_negative_tumor,,20,19,15,25,0.438934029340744,SIN3A | NUDT19 | NAA30,SIN3A,NUDT19,NAA30
Triple_negative_tumor,,20,20,14,14,0.39731551919664654,DHX38 | GFM1 | SMARCA2,DHX38,GFM1,SMARCA2
Triple_negative_tumor,,20,21,13,13,0.38314385597522443,TRIM56 | ADD1 | MAST4,TRIM56,ADD1,MAST4
Triple_negative_tumor,,20,22,13,17,0.45429593675276814,MPEG1 | LILRB4 | MNDA,MPEG1,LILRB4,MNDA
Triple_negative_tumor,,20,23,13,18,0.4166199349694782,MS4A4A | C1QC | LYZ,MS4A4A,C1QC,LYZ
Triple_negative_tumor,,20,24,12,28,0.4548266593899046,NIN | CCNT1 | STIM1,NIN,CCNT1,STIM1
Triple_negative_tumor,,20,25,12,22,0.4397168890996413,ANKRD49 | SPRTN | CDC40,ANKRD49,SPRTN,CDC40
Triple_negative_tumor,,20,26,12,17,0.40793907291748943,PCID2 | ACYP1 | MCM3,PCID2,ACYP1,MCM3
Triple_negative_tumor,,20,27,12,17,0.40803267324672027,MAU2 | CRTC3 | POLR2B,MAU2,CRTC3,POLR2B
Triple_negative_tumor,,20,28,11,20,0.47279355525970457,CDC20 | AURKB | CDKN3,CDC20,AURKB,CDKN3
Triple_negative_tumor,,20,29,11,13,0.4073859521975884,DNAJC9 | PDCD11 | SYNC,DNAJC9,PDCD11,SYNC
Triple_negative_tumor,,20,30,11,20,0.43827420473098755,MED11 | SLC25A22 | ANKRD52,MED11,SLC25A22,ANKRD52
Triple_negative_tumor,,20,31,10,16,0.40595902502536774,LMBR1L | PRH1 | CEP290,LMBR1L,PRH1,CEP290
Triple_negative_tumor,,20,32,9,11,0.3944386866959659,CCNK | RNF4 | SPG11,CCNK,RNF4,SPG11
Triple_negative_tumor,,20,33,9,9,0.39184942179256016,CENPC | UBR2 | TVP23B,CENPC,UBR2,TVP23B
Triple_negative_tumor,,20,34,9,12,0.4208930532137553,KANSL3 | MGA | FLYWCH1,KANSL3,MGA,FLYWCH1
Triple_negative_tumor,,20,35,8,9,0.4336969786220127,PCNX2 | HIVEP3 | SGF29,PCNX2,HIVEP3,SGF29
Triple_negative_tumor,,20,36,8,9,0.4224538803100586,LIPT1 | UBE4B | HINFP,LIPT1,UBE4B,HINFP
Triple_negative_tumor,,20,37,7,16,0.6014113370329142,MT-ATP6 | MT-ND4 | MT-ND2,MT-ATP6,MT-ND4,MT-ND2
Triple_negative_tumor,,20,38,7,10,0.42526696920394896,HLA-DPA1 | HLA-DRA | CD74,HLA-DPA1,HLA-DRA,CD74
Triple_negative_tumor,,20,39,6,5,0.43986027836799624,PAG1 | ADCY7 | AC008105.3,PAG1,ADCY7,AC008105.3
Triple_negative_tumor,,20,40,6,9,0.48753445678287083,MAPK9 | BNIP1 | TOP3A,MAPK9,BNIP1,TOP3A
Triple_negative_tumor,,20,41,6,6,0.4750955402851105,DDI2 | CAMTA2 | PITPNC1,DDI2,CAMTA2,PITPNC1
Triple_negative_tumor,,20,42,6,6,0.41980301837126416,FLVCR1 | C22orf46 | ATP9B,FLVCR1,C22orf46,ATP9B
Triple_negative_tumor,,20,43,6,7,0.3910775525229318,HPS3 | OMA1 | SATB1,HPS3,OMA1,SATB1
Triple_negative_tumor,,20,44,6,5,0.41432271599769593,TAGAP | NCF1 | TMC8,TAGAP,NCF1,TMC8
Triple_negative_tumor,,20,45,5,4,0.4771624505519867,PODXL | TM4SF18 | STC1,PODXL,TM4SF18,STC1
Triple_negative_tumor,,20,46,5,4,0.3781050890684127,SLFN5 | NCOA1 | CEMIP2,SLFN5,NCOA1,CEMIP2
Triple_negative_tumor,,20,47,5,5,0.38605442047119143,ZNF330 | TRAPPC2B | CETN3,ZNF330,TRAPPC2B,CETN3
Triple_negative_tumor,,20,48,5,4,0.3938015103340149,SNX19 | CPD | CPT1A,SNX19,CPD,CPT1A
Triple_negative_tumor,,20,49,4,6,0.5656911234060923,NPAT | EED | KAT6B,NPAT,EED,KAT6B
Triple_negative_tumor,,20,50,4,3,0.450489600499471,SRGN | HCLS1 | LAPTM5,SRGN,HCLS1,LAPTM5
Triple_negative_tumor,,20,51,4,4,0.40062306076288223,TAOK1 | MED13 | SUSD6,TAOK1,MED13,SUSD6
Triple_negative_tumor,,20,52,4,4,0.39972399175167084,SP110 | OAS1 | IFI35,SP110,OAS1,IFI35
Triple_negative_tumor,,20,53,4,3,0.4771740933259328,CTNNB1 | FGD5-AS1 | BEX3,CTNNB1,FGD5-AS1,BEX3
Triple_negative_tumor,,20,54,4,3,0.4326428274313609,EFEMP2 | PDGFA | MRC2,EFEMP2,PDGFA,MRC2
Triple_negative_tumor,,20,55,4,4,0.4266442805528641,EXOG | POC5 | MTRF1,EXOG,POC5,MTRF1
Triple_negative_tumor,,20,56,4,3,0.3613755901654561,AC106707.1 | KIAA1468 | PRIM1,AC106707.1,KIAA1468,PRIM1
Triple_negative_tumor,,20,57,4,3,0.40002208948135376,HHLA3 | GTF3C1 | ZNF397,HHLA3,GTF3C1,ZNF397
Triple_negative_tumor,,20,58,4,3,0.40872161587079364,C1S | PALLD | SNAI2,C1S,PALLD,SNAI2
Triple_negative_tumor,,20,59,4,3,0.35730500022570294,HERC4 | VPS53 | WDR59,HERC4,VPS53,WDR59
Triple_negative_tumor,,20,60,3,2,0.600834310054779,TUBGCP5 | WDR27 | RNF219,TUBGCP5,WDR27,RNF219
Triple_negative_tumor,,20,61,3,2,0.5947961807250977,COL1A2 | PCOLCE | DCN,COL1A2,PCOLCE,DCN
Triple_negative_tumor,,20,62,3,3,0.4922616978486379,UTRN | CDK17 | PPP1R9B,UTRN,CDK17,PPP1R9B
Triple_negative_tumor,,20,63,3,2,0.4789954274892807,SDC4 | ATP1B1 | MT1X,SDC4,ATP1B1,MT1X
Triple_negative_tumor,,20,64,3,2,0.476113885641098,LST1 | TYROBP | C1orf162,LST1,TYROBP,C1orf162
Triple_negative_tumor,,20,65,3,2,0.4436376690864563,GAS1 | FST | CARMN,GAS1,FST,CARMN
Triple_negative_tumor,,20,66,3,3,0.4756222565968831,IKBKE | ABCB10 | GLMN,IKBKE,ABCB10,GLMN
Triple_negative_tumor,,20,67,3,2,0.41637432575225825,MMP14 | TIMP2 | ACTN1,MMP14,TIMP2,ACTN1
Triple_negative_tumor,,20,68,3,2,0.4133947789669037,NFIL3 | RRP12 | AC023590.1,NFIL3,RRP12,AC023590.1
Triple_negative_tumor,,20,69,3,3,0.4088493486245473,UGCG | ITPRIPL2 | TIMP1,UGCG,ITPRIPL2,TIMP1
Triple_negative_tumor,,20,70,3,2,0.4168081134557724,UBE2S | HMGB2 | ANP32E,UBE2S,HMGB2,ANP32E
Triple_negative_tumor,,20,71,3,2,0.44849802553653717,NPDC1 | ARHGEF12 | GOLGA8A,NPDC1,ARHGEF12,GOLGA8A
Triple_negative_tumor,,20,72,3,2,0.419395312666893,TBC1D13 | NLK | LYSMD3,TBC1D13,NLK,LYSMD3
Triple_negative_tumor,,20,73,3,2,0.39682880043983454,HSP90AA1 | HSPH1 | DNAJB1,HSP90AA1,HSPH1,DNAJB1
Triple_negative_tumor,,20,74,3,2,0.395369291305542,SOD2 | MAFB | IER3,SOD2,MAFB,IER3
Triple_negative_tumor,,20,75,3,2,0.38484469056129456,NUP155 | BIVM | AC093323.1,NUP155,BIVM,AC093323.1
Triple_negative_tumor,,20,76,3,2,0.47907914221286774,EP400 | RBM15 | SLC35E2B,EP400,RBM15,SLC35E2B
Triple_negative_tumor,,20,77,3,2,0.41954556107521057,PPP6R1 | C16orf87 | ZBTB11,PPP6R1,C16orf87,ZBTB11
Triple_negative_tumor,,20,78,3,2,0.380323588848114,HARS2 | ZNF282 | ULK3,HARS2,ZNF282,ULK3
Triple_negative_tumor,,20,79,3,2,0.3700175136327743,MALT1 | TATDN2 | CELF2,MALT1,TATDN2,CELF2
Triple_negative_tumor,,20,80,3,2,0.4094081073999405,SPHK2 | BBS4 | TTPAL,SPHK2,BBS4,TTPAL
Triple_negative_tumor,,20,81,3,2,0.3693890273571014,HAPLN3 | S100A6 | CSTF2T,HAPLN3,S100A6,CSTF2T
Triple_negative_tumor,,20,82,3,2,0.41805599629879,ADAMTS4 | C1QTNF6 | OLFML2A,ADAMTS4,C1QTNF6,OLFML2A
Triple_negative_tumor,,20,83,3,3,0.3799129327138265,DYRK1B | RPUSD4 | ZNF43,DYRK1B,RPUSD4,ZNF43
Triple_negative_tumor,,20,84,3,2,0.370374858379364,UTP15 | EID3 | TRIM23,UTP15,EID3,TRIM23
Triple_negative_tumor,,20,85,3,2,0.41175442934036255,MSMO1 | MVD | NFATC3,MSMO1,MVD,NFATC3
Triple_negative_tumor,,20,86,3,2,0.44418585300445557,MRPL49 | ITGB3BP | TWISTNB,MRPL49,ITGB3BP,TWISTNB
Triple_negative_tumor,,20,87,3,2,0.3861015886068344,ARAP1 | MAF | SLC39A8,ARAP1,MAF,SLC39A8
Triple_negative_tumor,,20,88,3,2,0.452580988407135,ATP6V0A2 | NLRC5 | SND1-IT1,ATP6V0A2,NLRC5,SND1-IT1
Triple_negative_tumor,,20,89,3,2,0.44006316363811493,AC060780.1 | ARRDC1-AS1 | ASB1,AC060780.1,ARRDC1-AS1,ASB1
Triple_negative_tumor,,20,90,3,2,0.36636054515838623,ARHGAP30 | GNA15 | RUNX3,ARHGAP30,GNA15,RUNX3
Triple_negative_tumor,,20,91,3,2,0.3613739162683487,CTSK | OLFML2B | SERPINF1,CTSK,OLFML2B,SERPINF1
Triple_negative_tumor,,20,92,3,2,0.3787998855113983,CD24 | KRT19 | MAL2,CD24,KRT19,MAL2
Triple_negative_tumor,,20,93,3,2,0.375390887260437,SEMA4D | BATF | TACC3,SEMA4D,BATF,TACC3
Triple_negative_tumor,,20,94,2,1,0.6416459679603577,S100A9 | S100A8,S100A9,S100A8,
Triple_negative_tumor,,20,95,2,1,0.6165004968643188,GGACT | SLC25A53,GGACT,SLC25A53,
Triple_negative_tumor,,20,96,2,1,0.5973621606826782,COL6A2 | SPARC,COL6A2,SPARC,
Triple_negative_tumor,,20,97,2,1,0.5557640194892883,AKNA | STK17B,AKNA,STK17B,
Triple_negative_tumor,,20,98,2,1,0.5494579672813416,OXCT1 | PLEKHF1,OXCT1,PLEKHF1,
Triple_negative_tumor,,20,99,2,1,0.5484440922737122,TBC1D2B | ZNF529,TBC1D2B,ZNF529,
Triple_negative_tumor,,20,100,2,1,0.5454306602478027,DDX60 | DZIP3,DDX60,DZIP3,
Triple_negative_tumor,,20,101,2,1,0.5175912380218506,KRT86 | BCL11B,KRT86,BCL11B,
Triple_negative_tumor,,20,102,2,1,0.5074996948242188,HSPA1A | HSPA1B,HSPA1A,HSPA1B,
Triple_negative_tumor,,20,103,2,1,0.496343731880188,MID1IP1 | TOB1,MID1IP1,TOB1,
Triple_negative_tumor,,20,104,2,1,0.4920186698436737,KLHL28 | SETD4,KLHL28,SETD4,
Triple_negative_tumor,,20,105,2,1,0.4918667674064636,SULF1 | RARRES2,SULF1,RARRES2,
Triple_negative_tumor,,20,106,2,1,0.4885759651660919,TMEM80 | MAP4K2,TMEM80,MAP4K2,
Triple_negative_tumor,,20,107,2,1,0.4840560853481293,ZFP36L2 | JUNB,ZFP36L2,JUNB,
Triple_negative_tumor,,20,108,2,1,0.4821646213531494,MMS22L | TRIM32,MMS22L,TRIM32,
Triple_negative_tumor,,20,109,2,1,0.4681731462478637,APH1B | DENND4B,APH1B,DENND4B,
Triple_negative_tumor,,20,110,2,1,0.4678422510623932,IGHG3 | IGLC2,IGHG3,IGLC2,
Triple_negative_tumor,,20,111,2,1,0.464181125164032,HIST3H2A | LPAR2,HIST3H2A,LPAR2,
Triple_negative_tumor,,20,112,2,1,0.462281584739685,ACP5 | RASGEF1B,ACP5,RASGEF1B,
Triple_negative_tumor,,20,113,2,1,0.460097998380661,GK | SNX10,GK,SNX10,
Triple_negative_tumor,,20,114,2,1,0.4591233730316162,ACSF3 | HIST2H2AC,ACSF3,HIST2H2AC,
Triple_negative_tumor,,20,115,2,1,0.4588548839092254,CST6 | SERPINA1,CST6,SERPINA1,
Triple_negative_tumor,,20,116,2,1,0.4574428200721741,DDX59 | DDX39B,DDX59,DDX39B,
Triple_negative_tumor,,20,117,2,1,0.4369124174118042,GRN | PSAP,GRN,PSAP,
Triple_negative_tumor,,20,118,2,1,0.4325273633003235,DGKA | NPIPB5,DGKA,NPIPB5,
Triple_negative_tumor,,20,119,2,1,0.4308684468269348,TRIM35 | MEMO1,TRIM35,MEMO1,
Triple_negative_tumor,,20,120,2,1,0.4301348328590393,LRRC75A | SERAC1,LRRC75A,SERAC1,
Triple_negative_tumor,,20,121,2,1,0.4254554212093353,FOXN3 | OSBPL8,FOXN3,OSBPL8,
Triple_negative_tumor,,20,122,2,1,0.4253784120082855,REPS1 | METTL4,REPS1,METTL4,
Triple_negative_tumor,,20,123,2,1,0.425281822681427,ARL4A | EHD4,ARL4A,EHD4,
Triple_negative_tumor,,20,124,2,1,0.4241169095039367,ZNF573 | ZNF213-AS1,ZNF573,ZNF213-AS1,
Triple_negative_tumor,,20,125,2,1,0.4223112165927887,RLN2 | NPW,RLN2,NPW,
Triple_negative_tumor,,20,126,2,1,0.4214828312397003,INPP5E | FBXO31,INPP5E,FBXO31,
Triple_negative_tumor,,20,127,2,1,0.4214544892311096,GXYLT1 | CCDC66,GXYLT1,CCDC66,
Triple_negative_tumor,,20,128,2,1,0.4205224812030792,CPNE8 | GBE1,CPNE8,GBE1,
Triple_negative_tumor,,20,129,2,1,0.4199530482292175,VCPKMT | ETV3,VCPKMT,ETV3,
Triple_negative_tumor,,20,130,2,1,0.4104217886924743,HERC3 | NFE2L3,HERC3,NFE2L3,
Triple_negative_tumor,,20,131,2,1,0.4075437784194946,MIR762HG | STAM-AS1,MIR762HG,STAM-AS1,
Triple_negative_tumor,,20,132,2,1,0.4054766297340393,DAPP1 | NUP210,DAPP1,NUP210,
Triple_negative_tumor,,20,133,2,1,0.4036411643028259,HEG1 | TMEM204,HEG1,TMEM204,
Triple_negative_tumor,,20,134,2,1,0.3977475762367248,PTK2B | LPXN,PTK2B,LPXN,
Triple_negative_tumor,,20,135,2,1,0.3956108093261719,OGA | KMT2A,OGA,KMT2A,
Triple_negative_tumor,,20,136,2,1,0.3943631649017334,USP38 | ZBTB17,USP38,ZBTB17,
Triple_negative_tumor,,20,137,2,1,0.3936968445777893,CPEB3 | BANP,CPEB3,BANP,
Triple_negative_tumor,,20,138,2,1,0.3933250308036804,MYLK | TPM2,MYLK,TPM2,
Triple_negative_tumor,,20,139,2,1,0.3901467025279999,GALNT1 | GOLIM4,GALNT1,GOLIM4,
Triple_negative_tumor,,20,140,2,1,0.3885323405265808,CEP19 | RANBP10,CEP19,RANBP10,
Triple_negative_tumor,,20,141,2,1,0.3884022235870361,AC006449.6 | ZNF124,AC006449.6,ZNF124,
Triple_negative_tumor,,20,142,2,1,0.3883976340293884,PREX1 | ACSL5,PREX1,ACSL5,
Triple_negative_tumor,,20,143,2,1,0.3881833553314209,ADGRE5 | PTGER4,ADGRE5,PTGER4,
Triple_negative_tumor,,20,144,2,1,0.3865892887115478,HIST1H2BD | HIST1H2BC,HIST1H2BD,HIST1H2BC,
Triple_negative_tumor,,20,145,2,1,0.3854371011257171,RIC3 | SYTL1,RIC3,SYTL1,
Triple_negative_tumor,,20,146,2,1,0.3831281363964081,ANKRD44 | MICAL1,ANKRD44,MICAL1,
Triple_negative_tumor,,20,147,2,1,0.381904274225235,KCNMA1 | TLR2,KCNMA1,TLR2,
Triple_negative_tumor,,20,148,2,1,0.3818524479866028,CD200 | PLPP1,CD200,PLPP1,
Triple_negative_tumor,,20,149,2,1,0.3805596232414245,KLF12 | ZNF507,KLF12,ZNF507,
Triple_negative_tumor,,20,150,2,1,0.3788502216339111,PIEZO1 | GRPEL2,PIEZO1,GRPEL2,
Triple_negative_tumor,,20,151,2,1,0.377329409122467,SARNP | AL355816.2,SARNP,AL355816.2,
Triple_negative_tumor,,20,152,2,1,0.3746428191661834,ARHGAP27 | ZNF611,ARHGAP27,ZNF611,
Triple_negative_tumor,,20,153,2,1,0.3700358867645263,ODF2L | CREBZF,ODF2L,CREBZF,
Triple_negative_tumor,,20,154,2,1,0.3689687550067901,MDM2 | THAP3,MDM2,THAP3,
Triple_negative_tumor,,20,155,2,1,0.3667754530906677,SH3BP5L | SRFBP1,SH3BP5L,SRFBP1,
Triple_negative_tumor,,20,156,2,1,0.366616427898407,NVL | BRD8,NVL,BRD8,
Triple_negative_tumor,,20,157,2,1,0.3658809661865234,GMFG | SERPINB9,GMFG,SERPINB9,
Triple_negative_tumor,,20,158,2,1,0.3651365935802459,ANKRD13C | NCBP1,ANKRD13C,NCBP1,
Triple_negative_tumor,,20,159,2,1,0.3647010624408722,CD14 | CXCL3,CD14,CXCL3,
Triple_negative_tumor,,20,160,2,1,0.362360268831253,EGR1 | ATF3,EGR1,ATF3,
Triple_negative_tumor,,20,161,2,1,0.3619698584079742,ARL6IP1 | KPNA2,ARL6IP1,KPNA2,
Triple_negative_tumor,,20,162,2,1,0.361470103263855,KLHL9 | SLC25A24,KLHL9,SLC25A24,
Triple_negative_tumor,,20,163,2,1,0.3606390357017517,RBMS1 | BCAP29,RBMS1,BCAP29,
Triple_negative_tumor,,20,164,2,1,0.3606100976467132,CEBPZOS | CASC3,CEBPZOS,CASC3,
Triple_negative_tumor,,20,165,2,1,0.3598996102809906,LAMB1 | CFH,LAMB1,CFH,
Triple_negative_tumor,,20,166,2,1,0.3595748841762543,MPHOSPH9 | SETD2,MPHOSPH9,SETD2,
Triple_negative_tumor,,20,167,2,1,0.3557001948356628,TRAF3IP3 | BIN2,TRAF3IP3,BIN2,
Triple_negative_tumor,,20,168,2,1,0.355415403842926,IGHG1 | IGKC,IGHG1,IGKC,
Triple_negative_tumor,,20,169,2,1,0.3546452224254608,LRP5L | PRR7,LRP5L,PRR7,
Triple_negative_tumor,,20,170,2,1,0.3535920977592468,TMEM176B | TMEM176A,TMEM176B,TMEM176A,
Triple_negative_tumor,,20,171,2,1,0.3495601117610931,POLE | VPS33B,POLE,VPS33B,
Triple_negative_tumor,,20,172,2,1,0.3494235575199127,ID3 | TMEM173,ID3,TMEM173,
Triple_negative_tumor,,20,173,2,1,0.3492740988731384,TCF7 | ZC3H12A,TCF7,ZC3H12A,
Triple_negative_tumor,,20,174,2,1,0.3477413058280945,ZDHHC13 | PIK3R3,ZDHHC13,PIK3R3,
Triple_negative_tumor,,20,175,2,1,0.3468833565711975,ACSL4 | CALHM2,ACSL4,CALHM2,
Triple_negative_tumor,,20,176,2,1,0.3464380204677582,SUN2 | DIAPH1,SUN2,DIAPH1,
Triple_negative_tumor,,20,177,2,1,0.3458412885665893,ISG20L2 | BAZ1B,ISG20L2,BAZ1B,
Triple_negative_tumor,,20,178,2,1,0.3445038199424743,DEDD2 | DUSP2,DEDD2,DUSP2,
Triple_negative_tumor,,20,179,2,1,0.3440341651439667,CIDEB | LINC00909,CIDEB,LINC00909,
Triple_negative_tumor,,20,180,2,1,0.3435242772102356,CBLB | FYN,CBLB,FYN,
Triple_negative_tumor,,20,181,2,1,0.34348064661026,SWSAP1 | ZNF121,SWSAP1,ZNF121,
Triple_negative_tumor,,20,182,2,1,0.3431244790554046,TGIF2 | CLK3,TGIF2,CLK3,
Triple_negative_tumor,,20,183,2,1,0.3427527248859405,MFGE8 | ID4,MFGE8,ID4,
