input_file,output_file,script,date_utc,params_hash,condition,stage
/triumvirate/home/alexarol/breast_cancer_analysis/CoBRA-Net/results/stages/07_network/network_prep/Normal/Normal_adjacency_beta20_signed.npz,/triumvirate/home/alexarol/breast_cancer_analysis/CoBRA-Net/results/stages/07_network/network_viz/Normal/Normal_network_viz_summary.json,scripts/analysis/08d_networkx_visualization.py,2026-03-03T16:00:32+00:00,a20553933e963811,Normal,08d_networkx_visualization
/triumvirate/home/alexarol/breast_cancer_analysis/CoBRA-Net/results/stages/07_network/network_prep/ER_tumor/ER_tumor_adjacency_beta20_signed.npz,/triumvirate/home/alexarol/breast_cancer_analysis/CoBRA-Net/results/stages/07_network/network_viz/ER_tumor/ER_tumor_network_viz_summary.json,scripts/analysis/08d_networkx_visualization.py,2026-03-03T16:02:32+00:00,3323d6b96623201e,ER_tumor,08d_networkx_visualization
/triumvirate/home/alexarol/breast_cancer_analysis/CoBRA-Net/results/stages/07_network/network_prep/HER2_tumor/HER2_tumor_adjacency_beta20_signed.npz,/triumvirate/home/alexarol/breast_cancer_analysis/CoBRA-Net/results/stages/07_network/network_viz/HER2_tumor/HER2_tumor_network_viz_summary.json,scripts/analysis/08d_networkx_visualization.py,2026-03-03T16:02:36+00:00,3323d6b96623201e,HER2_tumor,08d_networkx_visualization
/triumvirate/home/alexarol/breast_cancer_analysis/CoBRA-Net/results/stages/07_network/network_prep/Normal/Normal_adjacency_beta20_signed.npz,/triumvirate/home/alexarol/breast_cancer_analysis/CoBRA-Net/results/stages/07_network/network_viz/Normal/Normal_network_viz_summary.json,scripts/analysis/08d_networkx_visualization.py,2026-03-03T16:02:39+00:00,3323d6b96623201e,Normal,08d_networkx_visualization
/triumvirate/home/alexarol/breast_cancer_analysis/CoBRA-Net/results/stages/07_network/network_prep/Normal_BRCA1_-_pre-neoplastic/Normal_BRCA1_-_pre-neoplastic_adjacency_beta20_signed.npz,/triumvirate/home/alexarol/breast_cancer_analysis/CoBRA-Net/results/stages/07_network/network_viz/Normal_BRCA1_-_pre-neoplastic/Normal_BRCA1_-_pre-neoplastic_network_viz_summary.json,scripts/analysis/08d_networkx_visualization.py,2026-03-03T16:02:44+00:00,3323d6b96623201e,Normal_BRCA1_-_pre-neoplastic,08d_networkx_visualization
/triumvirate/home/alexarol/breast_cancer_analysis/CoBRA-Net/results/stages/07_network/network_prep/Triple_negative_BRCA1_tumor/Triple_negative_BRCA1_tumor_adjacency_beta20_signed.npz,/triumvirate/home/alexarol/breast_cancer_analysis/CoBRA-Net/results/stages/07_network/network_viz/Triple_negative_BRCA1_tumor/Triple_negative_BRCA1_tumor_network_viz_summary.json,scripts/analysis/08d_networkx_visualization.py,2026-03-03T16:02:48+00:00,3323d6b96623201e,Triple_negative_BRCA1_tumor,08d_networkx_visualization
/triumvirate/home/alexarol/breast_cancer_analysis/CoBRA-Net/results/stages/07_network/network_prep/Triple_negative_tumor/Triple_negative_tumor_adjacency_beta20_signed.npz,/triumvirate/home/alexarol/breast_cancer_analysis/CoBRA-Net/results/stages/07_network/network_viz/Triple_negative_tumor/Triple_negative_tumor_network_viz_summary.json,scripts/analysis/08d_networkx_visualization.py,2026-03-03T16:02:53+00:00,3323d6b96623201e,Triple_negative_tumor,08d_networkx_visualization
/triumvirate/home/alexarol/breast_cancer_analysis/CoBRA-Net/results/stages/07_network/network_prep/Normal/Normal_adjacency_beta20_signed.npz,/triumvirate/home/alexarol/breast_cancer_analysis/CoBRA-Net/results/stages/07_network/network_viz/Normal/Normal_network_viz_summary.json,scripts/analysis/08d_networkx_visualization.py,2026-03-03T16:12:08+00:00,351b0139a4e5bd73,Normal,08d_networkx_visualization
/triumvirate/home/alexarol/breast_cancer_analysis/CoBRA-Net/results/stages/07_network/network_prep/Normal/Normal_adjacency_beta20_signed.npz,/triumvirate/home/alexarol/breast_cancer_analysis/CoBRA-Net/results/stages/07_network/network_viz/Normal/Normal_network_viz_summary.json,scripts/analysis/08d_networkx_visualization.py,2026-03-03T16:30:50+00:00,a0550ddef22a24b3,Normal,08d_networkx_visualization
/triumvirate/home/alexarol/breast_cancer_analysis/CoBRA-Net/results/stages/07_network/network_prep/Normal/Normal_adjacency_beta20_signed.npz,/triumvirate/home/alexarol/breast_cancer_analysis/CoBRA-Net/results/stages/07_network/network_viz/Normal/Normal_network_viz_summary.json,scripts/analysis/08d_networkx_visualization.py,2026-03-03T16:31:21+00:00,e2d0d51dbe37b6a2,Normal,08d_networkx_visualization
/triumvirate/home/alexarol/breast_cancer_analysis/CoBRA-Net/results/stages/07_network/network_prep/Normal/Normal_adjacency_beta20_signed.npz,/triumvirate/home/alexarol/breast_cancer_analysis/CoBRA-Net/results/stages/07_network/network_viz/Normal/Normal_network_viz_summary.json,scripts/analysis/08d_networkx_visualization.py,2026-03-03T16:38:14+00:00,e2d0d51dbe37b6a2,Normal,08d_networkx_visualization
/triumvirate/home/alexarol/breast_cancer_analysis/CoBRA-Net/results/stages/07_network/network_prep/Normal/Normal_adjacency_beta20_signed.npz,/triumvirate/home/alexarol/breast_cancer_analysis/CoBRA-Net/results/stages/07_network/network_viz/Normal/Normal_network_viz_summary.json,scripts/analysis/08d_networkx_visualization.py,2026-03-03T16:47:36+00:00,e2d0d51dbe37b6a2,Normal,08d_networkx_visualization
/triumvirate/home/alexarol/breast_cancer_analysis/CoBRA-Net/results/stages/07_network/network_prep/Normal/Normal_adjacency_beta20_signed.npz,/triumvirate/home/alexarol/breast_cancer_analysis/CoBRA-Net/results/stages/07_network/network_viz/Normal/Normal_network_viz_summary.json,scripts/analysis/08d_networkx_visualization.py,2026-03-03T16:50:40+00:00,e2d0d51dbe37b6a2,Normal,08d_networkx_visualization
/triumvirate/home/alexarol/breast_cancer_analysis/CoBRA-Net/results/stages/07_network/network_prep/Normal/Normal_adjacency_beta20_signed.npz,/triumvirate/home/alexarol/breast_cancer_analysis/CoBRA-Net/results/stages/07_network/network_viz/Normal/Normal_network_viz_summary.json,scripts/analysis/08d_networkx_visualization.py,2026-03-03T17:40:40+00:00,a8190facc5c23c54,Normal,08d_networkx_visualization
/triumvirate/home/alexarol/breast_cancer_analysis/CoBRA-Net/results/stages/07_network/network_prep/Normal/Normal_adjacency_beta20_signed.npz,/triumvirate/home/alexarol/breast_cancer_analysis/CoBRA-Net/results/stages/07_network/network_viz/Normal/Normal_network_viz_summary.json,scripts/analysis/08d_networkx_visualization.py,2026-03-03T17:48:01+00:00,a8190facc5c23c54,Normal,08d_networkx_visualization
/triumvirate/home/alexarol/breast_cancer_analysis/CoBRA-Net/results/stages/07_network/network_prep/Normal/Normal_adjacency_beta20_signed.npz,/triumvirate/home/alexarol/breast_cancer_analysis/CoBRA-Net/results/stages/07_network/network_viz/Normal/Normal_network_viz_summary.json,scripts/analysis/08d_networkx_visualization.py,2026-03-03T17:50:57+00:00,2df24a083793ea42,Normal,08d_networkx_visualization
/triumvirate/home/alexarol/breast_cancer_analysis/CoBRA-Net/results/stages/07_network/network_prep/Normal/Normal_adjacency_beta20_signed.npz,/triumvirate/home/alexarol/breast_cancer_analysis/CoBRA-Net/results/stages/07_network/network_viz/Normal/Normal_network_viz_summary.json,scripts/analysis/08d_networkx_visualization.py,2026-03-03T18:01:08+00:00,e2af0e678b7fc8be,Normal,08d_networkx_visualization
/triumvirate/home/alexarol/breast_cancer_analysis/CoBRA-Net/results/stages/07_network/network_prep/Normal/Normal_adjacency_beta20_signed.npz,/triumvirate/home/alexarol/breast_cancer_analysis/CoBRA-Net/results/stages/07_network/network_viz/Normal/Normal_network_viz_summary.json,scripts/analysis/08d_networkx_visualization.py,2026-03-03T18:11:02+00:00,ce8ec59eed2151e5,Normal,08d_networkx_visualization
/triumvirate/home/alexarol/breast_cancer_analysis/CoBRA-Net/results/stages/07_network/network_prep/Normal/Normal_adjacency_beta20_signed.npz,/triumvirate/home/alexarol/breast_cancer_analysis/CoBRA-Net/results/stages/07_network/network_viz/Normal/Normal_network_viz_summary.json,scripts/analysis/08d_networkx_visualization.py,2026-03-03T18:29:22+00:00,ce8ec59eed2151e5,Normal,08d_networkx_visualization
/triumvirate/home/alexarol/breast_cancer_analysis/CoBRA-Net/results/stages/07_network/network_prep/Normal/Normal_adjacency_beta20_signed.npz,/triumvirate/home/alexarol/breast_cancer_analysis/CoBRA-Net/results/stages/07_network/network_viz/Normal/Normal_network_viz_summary.json,scripts/analysis/08d_networkx_visualization.py,2026-03-03T18:49:55+00:00,ce8ec59eed2151e5,Normal,08d_networkx_visualization
/triumvirate/home/alexarol/breast_cancer_analysis/CoBRA-Net/results/stages/07_network/network_prep/Normal/Normal_adjacency_beta20_signed.npz,/triumvirate/home/alexarol/breast_cancer_analysis/CoBRA-Net/results/stages/07_network/network_viz/Normal/Normal_network_viz_summary.json,scripts/analysis/08d_networkx_visualization.py,2026-03-03T19:03:59+00:00,ce8ec59eed2151e5,Normal,08d_networkx_visualization
/triumvirate/home/alexarol/breast_cancer_analysis/CoBRA-Net/results/stages/07_network/network_prep/Normal/Normal_adjacency_beta20_signed.npz,/triumvirate/home/alexarol/breast_cancer_analysis/CoBRA-Net/results/stages/07_network/network_viz/Normal/Normal_network_viz_summary.json,scripts/analysis/08d_networkx_visualization.py,2026-03-03T19:20:39+00:00,ab7bc722a68b18d3,Normal,08d_networkx_visualization
/triumvirate/home/alexarol/breast_cancer_analysis/CoBRA-Net/results/stages/07_network/network_prep/Normal/Normal_adjacency_beta20_signed.npz,/triumvirate/home/alexarol/breast_cancer_analysis/CoBRA-Net/results/stages/07_network/network_viz/Normal/Normal_network_viz_summary.json,scripts/analysis/08d_networkx_visualization.py,2026-03-03T19:28:04+00:00,ab7bc722a68b18d3,Normal,08d_networkx_visualization
/triumvirate/home/alexarol/breast_cancer_analysis/CoBRA-Net/results/stages/07_network/network_prep/Normal/Normal_adjacency_beta20_signed.npz,/triumvirate/home/alexarol/breast_cancer_analysis/CoBRA-Net/results/stages/07_network/network_viz/Normal/Normal_network_viz_summary.json,scripts/analysis/08d_networkx_visualization.py,2026-03-03T19:34:10+00:00,ab7bc722a68b18d3,Normal,08d_networkx_visualization
/triumvirate/home/alexarol/breast_cancer_analysis/CoBRA-Net/results/stages/07_network/network_prep/Normal/Normal_adjacency_beta20_signed.npz,/triumvirate/home/alexarol/breast_cancer_analysis/CoBRA-Net/results/stages/07_network/network_viz/Normal/Normal_network_viz_summary.json,scripts/analysis/08d_networkx_visualization.py,2026-03-03T19:37:51+00:00,ab7bc722a68b18d3,Normal,08d_networkx_visualization
/triumvirate/home/alexarol/breast_cancer_analysis/CoBRA-Net/results/stages/07_network/network_prep/Normal/Normal_adjacency_beta20_signed.npz,/triumvirate/home/alexarol/breast_cancer_analysis/CoBRA-Net/results/stages/07_network/network_viz/Normal/Normal_network_viz_summary.json,scripts/analysis/08d_networkx_visualization.py,2026-03-03T19:40:50+00:00,ab7bc722a68b18d3,Normal,08d_networkx_visualization
/triumvirate/home/alexarol/breast_cancer_analysis/CoBRA-Net/results/stages/07_network/network_prep/Normal/Normal_adjacency_beta20_signed.npz,/triumvirate/home/alexarol/breast_cancer_analysis/CoBRA-Net/results/stages/07_network/network_viz/Normal/Normal_network_viz_summary.json,scripts/analysis/08d_networkx_visualization.py,2026-03-03T19:47:28+00:00,ab7bc722a68b18d3,Normal,08d_networkx_visualization
/triumvirate/home/alexarol/breast_cancer_analysis/CoBRA-Net/results/stages/07_network/network_prep/Normal/Normal_adjacency_beta20_signed.npz,/triumvirate/home/alexarol/breast_cancer_analysis/CoBRA-Net/results/stages/07_network/network_viz/Normal/Normal_network_viz_summary.json,scripts/analysis/08d_networkx_visualization.py,2026-03-03T19:52:02+00:00,ab7bc722a68b18d3,Normal,08d_networkx_visualization
/triumvirate/home/alexarol/breast_cancer_analysis/CoBRA-Net/results/stages/07_network/network_prep/Normal/Normal_adjacency_beta20_signed.npz,/triumvirate/home/alexarol/breast_cancer_analysis/CoBRA-Net/results/stages/07_network/network_viz/Normal/Normal_network_viz_summary.json,scripts/analysis/08d_networkx_visualization.py,2026-03-03T19:56:59+00:00,ab7bc722a68b18d3,Normal,08d_networkx_visualization
/triumvirate/home/alexarol/breast_cancer_analysis/CoBRA-Net/results/stages/07_network/network_prep/Normal/Normal_adjacency_beta20_signed.npz,/triumvirate/home/alexarol/breast_cancer_analysis/CoBRA-Net/results/stages/07_network/network_viz/Normal/Normal_network_viz_summary.json,scripts/analysis/08d_networkx_visualization.py,2026-03-03T20:02:52+00:00,ab7bc722a68b18d3,Normal,08d_networkx_visualization
/triumvirate/home/alexarol/breast_cancer_analysis/CoBRA-Net/results/stages/07_network/network_prep/Normal/Normal_adjacency_beta20_signed.npz,/triumvirate/home/alexarol/breast_cancer_analysis/CoBRA-Net/results/stages/07_network/network_viz/Normal/Normal_network_viz_summary.json,scripts/analysis/08d_networkx_visualization.py,2026-03-03T20:06:31+00:00,987e27c86fdbca0b,Normal,08d_networkx_visualization
/triumvirate/home/alexarol/breast_cancer_analysis/CoBRA-Net/results/stages/07_network/network_prep/ER_tumor/ER_tumor_adjacency_beta20_signed.npz,/triumvirate/home/alexarol/breast_cancer_analysis/CoBRA-Net/results/stages/07_network/network_viz/ER_tumor/ER_tumor_network_viz_summary.json,scripts/analysis/08d_networkx_visualization.py,2026-03-03T20:33:09+00:00,5730b0a7838a09b1,ER_tumor,08d_networkx_visualization
/triumvirate/home/alexarol/breast_cancer_analysis/CoBRA-Net/results/stages/07_network/network_prep/HER2_tumor/HER2_tumor_adjacency_beta20_signed.npz,/triumvirate/home/alexarol/breast_cancer_analysis/CoBRA-Net/results/stages/07_network/network_viz/HER2_tumor/HER2_tumor_network_viz_summary.json,scripts/analysis/08d_networkx_visualization.py,2026-03-03T20:33:21+00:00,5730b0a7838a09b1,HER2_tumor,08d_networkx_visualization
/triumvirate/home/alexarol/breast_cancer_analysis/CoBRA-Net/results/stages/07_network/network_prep/Normal/Normal_adjacency_beta20_signed.npz,/triumvirate/home/alexarol/breast_cancer_analysis/CoBRA-Net/results/stages/07_network/network_viz/Normal/Normal_network_viz_summary.json,scripts/analysis/08d_networkx_visualization.py,2026-03-03T20:33:26+00:00,5730b0a7838a09b1,Normal,08d_networkx_visualization
/triumvirate/home/alexarol/breast_cancer_analysis/CoBRA-Net/results/stages/07_network/network_prep/Normal_BRCA1_-_pre-neoplastic/Normal_BRCA1_-_pre-neoplastic_adjacency_beta20_signed.npz,/triumvirate/home/alexarol/breast_cancer_analysis/CoBRA-Net/results/stages/07_network/network_viz/Normal_BRCA1_-_pre-neoplastic/Normal_BRCA1_-_pre-neoplastic_network_viz_summary.json,scripts/analysis/08d_networkx_visualization.py,2026-03-03T20:33:40+00:00,5730b0a7838a09b1,Normal_BRCA1_-_pre-neoplastic,08d_networkx_visualization
/triumvirate/home/alexarol/breast_cancer_analysis/CoBRA-Net/results/stages/07_network/network_prep/Triple_negative_BRCA1_tumor/Triple_negative_BRCA1_tumor_adjacency_beta20_signed.npz,/triumvirate/home/alexarol/breast_cancer_analysis/CoBRA-Net/results/stages/07_network/network_viz/Triple_negative_BRCA1_tumor/Triple_negative_BRCA1_tumor_network_viz_summary.json,scripts/analysis/08d_networkx_visualization.py,2026-03-03T20:33:53+00:00,5730b0a7838a09b1,Triple_negative_BRCA1_tumor,08d_networkx_visualization
/triumvirate/home/alexarol/breast_cancer_analysis/CoBRA-Net/results/stages/07_network/network_prep/Triple_negative_tumor/Triple_negative_tumor_adjacency_beta20_signed.npz,/triumvirate/home/alexarol/breast_cancer_analysis/CoBRA-Net/results/stages/07_network/network_viz/Triple_negative_tumor/Triple_negative_tumor_network_viz_summary.json,scripts/analysis/08d_networkx_visualization.py,2026-03-03T20:34:09+00:00,5730b0a7838a09b1,Triple_negative_tumor,08d_networkx_visualization
/triumvirate/home/alexarol/breast_cancer_analysis/CoBRA-Net/results/stages/07_network/network_prep/single/ER_tumor/ER_tumor_adjacency_beta20_signed.npz,/triumvirate/home/alexarol/breast_cancer_analysis/CoBRA-Net/results/stages/07_network/network_viz/single/ER_tumor/ER_tumor_network_viz_summary.json,scripts/analysis/08d_networkx_visualization.py,2026-03-03T23:07:46+00:00,4361a1299c6e14ab,ER_tumor,08d_networkx_visualization
/triumvirate/home/alexarol/breast_cancer_analysis/CoBRA-Net/results/stages/07_network/network_prep/single/HER2_tumor/HER2_tumor_adjacency_beta20_signed.npz,/triumvirate/home/alexarol/breast_cancer_analysis/CoBRA-Net/results/stages/07_network/network_viz/single/HER2_tumor/HER2_tumor_network_viz_summary.json,scripts/analysis/08d_networkx_visualization.py,2026-03-03T23:07:58+00:00,4361a1299c6e14ab,HER2_tumor,08d_networkx_visualization
/triumvirate/home/alexarol/breast_cancer_analysis/CoBRA-Net/results/stages/07_network/network_prep/single/Normal/Normal_adjacency_beta20_signed.npz,/triumvirate/home/alexarol/breast_cancer_analysis/CoBRA-Net/results/stages/07_network/network_viz/single/Normal/Normal_network_viz_summary.json,scripts/analysis/08d_networkx_visualization.py,2026-03-03T23:08:03+00:00,4361a1299c6e14ab,Normal,08d_networkx_visualization
/triumvirate/home/alexarol/breast_cancer_analysis/CoBRA-Net/results/stages/07_network/network_prep/single/Normal_BRCA1_-_pre-neoplastic/Normal_BRCA1_-_pre-neoplastic_adjacency_beta20_signed.npz,/triumvirate/home/alexarol/breast_cancer_analysis/CoBRA-Net/results/stages/07_network/network_viz/single/Normal_BRCA1_-_pre-neoplastic/Normal_BRCA1_-_pre-neoplastic_network_viz_summary.json,scripts/analysis/08d_networkx_visualization.py,2026-03-03T23:08:17+00:00,4361a1299c6e14ab,Normal_BRCA1_-_pre-neoplastic,08d_networkx_visualization
/triumvirate/home/alexarol/breast_cancer_analysis/CoBRA-Net/results/stages/07_network/network_prep/single/Triple_negative_BRCA1_tumor/Triple_negative_BRCA1_tumor_adjacency_beta20_signed.npz,/triumvirate/home/alexarol/breast_cancer_analysis/CoBRA-Net/results/stages/07_network/network_viz/single/Triple_negative_BRCA1_tumor/Triple_negative_BRCA1_tumor_network_viz_summary.json,scripts/analysis/08d_networkx_visualization.py,2026-03-03T23:08:30+00:00,4361a1299c6e14ab,Triple_negative_BRCA1_tumor,08d_networkx_visualization
/triumvirate/home/alexarol/breast_cancer_analysis/CoBRA-Net/results/stages/07_network/network_prep/single/Triple_negative_tumor/Triple_negative_tumor_adjacency_beta20_signed.npz,/triumvirate/home/alexarol/breast_cancer_analysis/CoBRA-Net/results/stages/07_network/network_viz/single/Triple_negative_tumor/Triple_negative_tumor_network_viz_summary.json,scripts/analysis/08d_networkx_visualization.py,2026-03-03T23:08:46+00:00,4361a1299c6e14ab,Triple_negative_tumor,08d_networkx_visualization
